,User,RMSE,CRA,ModelVersion,TimeStamp,Queries
0,674934,0.3859538121004477,0.027777777777777776,0,2024-09-26 11:18:27.544433,"['32226', '32229', '32239', '32249', '32251', '32253', '32265', '32269', '32270', '32288']"
1,236815,0.28453005534565073,0.3333333333333333,0,2024-09-26 11:18:27.652928,"['32219', '32253', '32263', '32265', '32267', '32271', '32279', '32285', '32287', '32288']"
2,1317057,0.29493247962604546,0.0,0,2024-09-26 11:18:27.761844,"['32226', '32229', '32243', '32245', '32249', '32261', '32265', '32266', '32274', '32283']"
3,1344088,0.3033056043746018,0.027777777777777776,0,2024-09-26 11:18:27.869701,"['32221', '32236', '32239', '32243', '32245', '32247', '32265', '32281', '32287', '32288']"
4,663256,0.31810738282833373,0.19444444444444445,0,2024-09-26 11:18:27.973782,"['32214', '32218', '32238', '32239', '32240', '32265', '32276', '32281', '32287', '32288']"
5,102496,0.4006974002261491,0.0,5,2024-09-26 11:18:28.231448,"['32218', '32223', '32232', '32251', '32265', '32276', '32277', '32279', '32281', '32285']"
6,659993,0.26189324075133374,0.3055555555555556,5,2024-09-26 11:18:28.335526,"['32215', '32226', '32236', '32251', '32269', '32279', '32280', '32281', '32285', '32287']"
7,1201140,0.33983615461703515,0.3055555555555556,5,2024-09-26 11:18:28.438454,"['32218', '32226', '32236', '32251', '32266', '32269', '32276', '32281', '32287', '32288']"
8,1631585,0.2718431605667575,0.08333333333333333,5,2024-09-26 11:18:28.540829,"['32221', '32226', '32236', '32246', '32249', '32251', '32269', '32275', '32287', '32288']"
9,731440,0.41341469454913665,0.08333333333333333,5,2024-09-26 11:18:28.648219,"['32214', '32221', '32226', '32230', '32236', '32251', '32265', '32281', '32287', '32288']"
10,1364085,0.33547065183268443,0.3055555555555556,10,2024-09-26 11:18:28.904611,"['32214', '32215', '32221', '32226', '32263', '32264', '32265', '32281', '32287', '32288']"
11,1067233,0.3221975690537971,0.1111111111111111,10,2024-09-26 11:18:29.007009,"['32214', '32220', '32226', '32230', '32236', '32239', '32261', '32263', '32265', '32281']"
12,351564,0.334292547772172,0.08333333333333333,10,2024-09-26 11:18:29.113623,"['32215', '32220', '32240', '32251', '32263', '32265', '32267', '32279', '32281', '32285']"
13,179276,0.35439127425510014,0.0,10,2024-09-26 11:18:29.217119,"['32214', '32221', '32226', '32236', '32249', '32264', '32265', '32281', '32287', '32288']"
14,994272,0.38792603414472826,0.16666666666666666,10,2024-09-26 11:18:29.319833,"['32215', '32229', '32251', '32263', '32265', '32267', '32271', '32279', '32281', '32285']"
15,227612,0.29741298924693077,0.3611111111111111,15,2024-09-26 11:18:29.578065,"['32221', '32222', '32229', '32244', '32251', '32253', '32266', '32279', '32280', '32281']"
16,127744,0.41268818307357985,0.1111111111111111,15,2024-09-26 11:18:29.681366,"['32214', '32221', '32226', '32230', '32239', '32251', '32266', '32281', '32287', '32288']"
17,153791,0.37397801467187924,0.1388888888888889,15,2024-09-26 11:18:29.784148,"['32226', '32229', '32239', '32251', '32253', '32265', '32266', '32270', '32283', '32288']"
18,1175603,0.30114719921761735,0.3611111111111111,15,2024-09-26 11:18:29.887790,"['32218', '32221', '32226', '32236', '32239', '32251', '32266', '32281', '32287', '32288']"
19,1099791,0.3433132837984019,0.05555555555555555,15,2024-09-26 11:18:29.990370,"['32214', '32215', '32226', '32231', '32249', '32251', '32261', '32263', '32266', '32281']"
20,1433508,0.3605775329576343,0.1388888888888889,20,2024-09-26 11:18:30.246625,"['32218', '32226', '32229', '32231', '32239', '32264', '32265', '32266', '32281', '32283']"
21,104731,0.25632760034918683,0.2777777777777778,20,2024-09-26 11:18:30.349776,"['32225', '32226', '32239', '32245', '32249', '32261', '32265', '32274', '32275', '32283']"
22,826116,0.3374893190947575,0.0,20,2024-09-26 11:18:30.452164,"['32221', '32226', '32229', '32236', '32243', '32265', '32266', '32269', '32270', '32288']"
23,1153884,0.2693857586733338,0.3611111111111111,20,2024-09-26 11:18:30.555182,"['32214', '32215', '32219', '32222', '32238', '32244', '32264', '32265', '32276', '32287']"
24,1491026,0.24204863508603852,0.027777777777777776,20,2024-09-26 11:18:30.657175,"['32214', '32220', '32226', '32228', '32236', '32247', '32263', '32265', '32270', '32275']"
25,671240,0.32017320657615744,0.16666666666666666,25,2024-09-26 11:18:30.943934,"['32224', '32232', '32244', '32251', '32256', '32266', '32270', '32271', '32279', '32283']"
26,201784,0.267292709400714,0.25,25,2024-09-26 11:18:31.049802,"['32214', '32220', '32221', '32225', '32228', '32231', '32239', '32263', '32266', '32288']"
27,290797,0.29506389147478085,0.027777777777777776,25,2024-09-26 11:18:31.159865,"['32220', '32225', '32226', '32236', '32243', '32247', '32263', '32266', '32275', '32288']"
28,810889,0.31193063577769625,0.1388888888888889,25,2024-09-26 11:18:31.265261,"['32215', '32221', '32236', '32247', '32261', '32263', '32264', '32266', '32281', '32288']"
29,23726,0.2761404145965812,0.4722222222222222,25,2024-09-26 11:18:31.370012,"['32226', '32239', '32243', '32251', '32266', '32270', '32275', '32277', '32283', '32288']"
30,301962,0.3276534769529638,0.3333333333333333,30,2024-09-26 11:18:31.625765,"['32214', '32221', '32226', '32231', '32236', '32239', '32249', '32263', '32265', '32288']"
31,456422,0.3397249724217043,0.16666666666666666,30,2024-09-26 11:18:31.730121,"['32221', '32226', '32229', '32236', '32243', '32248', '32251', '32265', '32270', '32288']"
32,1303906,0.4083580480474055,0.2222222222222222,30,2024-09-26 11:18:31.833378,"['32218', '32221', '32263', '32264', '32265', '32279', '32280', '32285', '32287', '32288']"
33,1617249,0.29830054754087204,0.0,30,2024-09-26 11:18:31.936471,"['32221', '32226', '32229', '32239', '32243', '32249', '32265', '32270', '32283', '32288']"
34,58259,0.35681033069525253,0.027777777777777776,30,2024-09-26 11:18:32.039281,"['32220', '32221', '32225', '32226', '32230', '32239', '32245', '32261', '32263', '32265']"
35,512398,0.21719237328074728,0.4444444444444444,35,2024-09-26 11:18:32.296396,"['32221', '32226', '32229', '32231', '32236', '32243', '32249', '32265', '32287', '32288']"
36,294246,0.2720459925831563,0.027777777777777776,35,2024-09-26 11:18:32.400368,"['32221', '32226', '32231', '32236', '32239', '32243', '32265', '32281', '32287', '32288']"
37,1372601,0.3303148092116465,0.1388888888888889,35,2024-09-26 11:18:32.502261,"['32236', '32243', '32248', '32251', '32266', '32269', '32273', '32277', '32285', '32287']"
38,1073073,0.22021317370455012,0.3055555555555556,35,2024-09-26 11:18:32.609214,"['32225', '32231', '32236', '32242', '32243', '32245', '32261', '32263', '32270', '32287']"
39,693548,0.4545524816405231,0.027777777777777776,35,2024-09-26 11:18:32.713447,"['32223', '32229', '32236', '32240', '32251', '32252', '32266', '32276', '32277', '32287']"
40,920971,0.4168253345105825,0.0,40,2024-09-26 11:18:32.971023,"['32214', '32226', '32236', '32239', '32243', '32265', '32266', '32270', '32283', '32287']"
41,503914,0.3512186215328363,0.0,40,2024-09-26 11:18:33.077898,"['32221', '32226', '32239', '32243', '32249', '32265', '32269', '32270', '32287', '32288']"
42,1431639,0.42595368841321885,0.0,40,2024-09-26 11:18:33.182732,"['32215', '32226', '32238', '32239', '32251', '32264', '32265', '32266', '32270', '32283']"
43,1561025,0.43151389731963685,0.0,40,2024-09-26 11:18:33.286285,"['32219', '32226', '32236', '32239', '32264', '32265', '32270', '32279', '32280', '32283']"
44,1175119,0.3847247212472351,0.08333333333333333,40,2024-09-26 11:18:33.390033,"['32215', '32226', '32251', '32263', '32265', '32267', '32279', '32281', '32285', '32287']"
45,973378,0.3416548313726664,0.3611111111111111,45,2024-09-26 11:18:33.647800,"['32222', '32229', '32238', '32239', '32244', '32251', '32253', '32276', '32280', '32287']"
46,588955,0.42972540287559285,0.1111111111111111,45,2024-09-26 11:18:33.752260,"['32214', '32219', '32222', '32229', '32238', '32251', '32270', '32283', '32285', '32287']"
47,1625655,0.28856814813806286,0.3611111111111111,45,2024-09-26 11:18:33.857098,"['32222', '32229', '32239', '32251', '32264', '32265', '32281', '32283', '32285', '32287']"
48,1178230,0.38948859610850595,0.027777777777777776,45,2024-09-26 11:18:33.959269,"['32214', '32215', '32221', '32239', '32263', '32265', '32276', '32279', '32287', '32288']"
49,1311011,0.2207191256826443,0.5,45,2024-09-26 11:18:34.063621,"['32226', '32229', '32243', '32248', '32251', '32265', '32269', '32270', '32275', '32287']"
50,270936,0.31109192661267826,0.16666666666666666,50,2024-09-26 11:18:34.321118,"['32214', '32221', '32226', '32236', '32239', '32243', '32261', '32263', '32265', '32281']"
51,152734,0.23338290202227707,0.4722222222222222,50,2024-09-26 11:18:34.424693,"['32221', '32226', '32229', '32239', '32243', '32266', '32269', '32270', '32273', '32283']"
52,1017433,0.33860950290723724,0.1388888888888889,50,2024-09-26 11:18:34.527187,"['32219', '32222', '32229', '32238', '32239', '32251', '32279', '32281', '32285', '32287']"
53,997385,0.3080655913974605,0.027777777777777776,50,2024-09-26 11:18:34.630149,"['32218', '32219', '32229', '32239', '32251', '32264', '32276', '32281', '32287', '32288']"
54,563244,0.27624818522473976,0.3888888888888889,50,2024-09-26 11:18:34.736475,"['32220', '32221', '32225', '32226', '32236', '32239', '32245', '32261', '32263', '32266']"
55,1550995,0.3487856589958326,0.027777777777777776,55,2024-09-26 11:18:34.994839,"['32226', '32239', '32243', '32248', '32266', '32269', '32270', '32275', '32283', '32288']"
56,798731,0.381289128079276,0.2222222222222222,55,2024-09-26 11:18:35.097859,"['32219', '32226', '32251', '32252', '32253', '32256', '32268', '32269', '32273', '32288']"
57,18973,0.3111348675692785,0.1388888888888889,55,2024-09-26 11:18:35.199840,"['32226', '32239', '32240', '32251', '32253', '32256', '32265', '32269', '32283', '32288']"
58,1437180,0.3526837056333241,0.2777777777777778,55,2024-09-26 11:18:35.303476,"['32221', '32226', '32229', '32236', '32239', '32251', '32266', '32283', '32287', '32288']"
59,1021226,0.3044900505246499,0.1388888888888889,55,2024-09-26 11:18:35.406213,"['32226', '32232', '32252', '32256', '32265', '32269', '32277', '32280', '32281', '32288']"
60,781796,0.32253147808892546,0.027777777777777776,60,2024-09-26 11:18:35.665483,"['32221', '32226', '32230', '32231', '32236', '32239', '32247', '32261', '32265', '32281']"
61,1457211,0.27725458125929026,0.25,60,2024-09-26 11:18:35.767564,"['32214', '32221', '32226', '32246', '32247', '32249', '32261', '32265', '32270', '32281']"
62,970759,0.3237930450168546,0.16666666666666666,60,2024-09-26 11:18:35.870700,"['32214', '32220', '32221', '32225', '32226', '32231', '32239', '32263', '32265', '32270']"
63,1360620,0.33747199036007386,0.2777777777777778,60,2024-09-26 11:18:35.973063,"['32221', '32226', '32239', '32244', '32249', '32251', '32265', '32269', '32276', '32281']"
64,1138167,0.3639984076854026,0.3055555555555556,60,2024-09-26 11:18:36.076568,"['32221', '32226', '32239', '32242', '32243', '32248', '32251', '32265', '32270', '32283']"
65,18425,0.29984293593163713,0.3611111111111111,65,2024-09-26 11:18:36.346462,"['32214', '32221', '32226', '32229', '32239', '32243', '32263', '32266', '32270', '32287']"
66,128365,0.2445503342758697,0.3888888888888889,65,2024-09-26 11:18:36.450946,"['32225', '32226', '32229', '32230', '32236', '32239', '32251', '32261', '32265', '32287']"
67,445994,0.30825030224865585,0.027777777777777776,65,2024-09-26 11:18:36.558387,"['32220', '32225', '32226', '32230', '32239', '32242', '32243', '32265', '32274', '32288']"
68,99728,0.2837276753664053,0.1388888888888889,65,2024-09-26 11:18:36.663505,"['32220', '32226', '32239', '32243', '32245', '32247', '32249', '32251', '32264', '32265']"
69,1001251,0.30793668256705015,0.08333333333333333,65,2024-09-26 11:18:36.767646,"['32221', '32230', '32236', '32239', '32243', '32246', '32269', '32270', '32274', '32275']"
70,353621,0.2811102936935442,0.19444444444444445,70,2024-09-26 11:18:37.023488,"['32220', '32231', '32239', '32243', '32245', '32263', '32265', '32270', '32281', '32283']"
71,1509842,0.37232578313501435,0.0,70,2024-09-26 11:18:37.127466,"['32221', '32226', '32231', '32236', '32239', '32251', '32265', '32281', '32287', '32288']"
72,122780,0.3078201474954621,0.2222222222222222,70,2024-09-26 11:18:37.230390,"['32221', '32226', '32231', '32236', '32239', '32247', '32263', '32265', '32281', '32288']"
73,1156670,0.30647346458901065,0.2222222222222222,70,2024-09-26 11:18:37.335206,"['32220', '32221', '32230', '32239', '32246', '32263', '32265', '32275', '32281', '32288']"
74,236221,0.2609548378878427,0.3333333333333333,70,2024-09-26 11:18:37.438900,"['32221', '32225', '32230', '32239', '32242', '32247', '32270', '32275', '32281', '32283']"
75,1249821,0.23882843357810024,0.1388888888888889,75,2024-09-26 11:18:37.696917,"['32220', '32225', '32239', '32245', '32247', '32263', '32266', '32275', '32281', '32286']"
76,614997,0.30753609191005277,0.027777777777777776,75,2024-09-26 11:18:37.799799,"['32225', '32229', '32242', '32247', '32249', '32251', '32266', '32274', '32283', '32286']"
77,281496,0.2984181431832776,0.08333333333333333,75,2024-09-26 11:18:37.902991,"['32214', '32220', '32226', '32230', '32239', '32246', '32263', '32266', '32281', '32287']"
78,418752,0.40178314991903735,0.1111111111111111,75,2024-09-26 11:18:38.005397,"['32214', '32226', '32239', '32263', '32264', '32266', '32269', '32281', '32287', '32288']"
79,408303,0.3140994020727934,0.25,75,2024-09-26 11:18:38.107769,"['32221', '32225', '32230', '32242', '32245', '32266', '32270', '32274', '32283', '32288']"
80,1621517,0.39590355120539644,0.027777777777777776,80,2024-09-26 11:18:38.366962,"['32218', '32221', '32226', '32236', '32239', '32249', '32251', '32266', '32287', '32288']"
81,570632,0.29244065518912177,0.2777777777777778,80,2024-09-26 11:18:38.469164,"['32218', '32221', '32226', '32236', '32239', '32249', '32251', '32266', '32281', '32287']"
82,153606,0.33006590376810063,0.2777777777777778,80,2024-09-26 11:18:38.573984,"['32215', '32239', '32251', '32263', '32266', '32276', '32279', '32285', '32287', '32288']"
83,255944,0.3494183569328578,0.1111111111111111,80,2024-09-26 11:18:38.678916,"['32229', '32239', '32253', '32265', '32269', '32276', '32277', '32279', '32283', '32288']"
84,241133,0.34052373904552347,0.3055555555555556,80,2024-09-26 11:18:38.784575,"['32218', '32219', '32239', '32249', '32251', '32265', '32279', '32281', '32287', '32288']"
85,1216841,0.37466997284534187,0.0,85,2024-09-26 11:18:39.044109,"['32226', '32229', '32236', '32239', '32242', '32243', '32247', '32270', '32274', '32275']"
86,1441004,0.36362750043784703,0.19444444444444445,85,2024-09-26 11:18:39.147352,"['32218', '32229', '32239', '32244', '32251', '32265', '32266', '32281', '32287', '32288']"
87,185543,0.2988746106466935,0.1388888888888889,85,2024-09-26 11:18:39.251854,"['32224', '32227', '32239', '32244', '32254', '32269', '32271', '32279', '32280', '32287']"
88,331467,0.24361935120109343,0.3611111111111111,85,2024-09-26 11:18:39.359714,"['32226', '32229', '32236', '32239', '32251', '32264', '32265', '32281', '32287', '32288']"
89,730056,0.33555944520135966,0.25,85,2024-09-26 11:18:39.464366,"['32221', '32226', '32236', '32239', '32249', '32263', '32265', '32266', '32281', '32288']"
90,372687,0.28091086184968284,0.08333333333333333,90,2024-09-26 11:18:39.720876,"['32214', '32222', '32226', '32239', '32243', '32247', '32261', '32266', '32281', '32287']"
91,673847,0.33224087412179704,0.05555555555555555,90,2024-09-26 11:18:39.824017,"['32226', '32230', '32231', '32236', '32239', '32243', '32261', '32269', '32275', '32283']"
92,1163729,0.28989107435893297,0.08333333333333333,90,2024-09-26 11:18:39.926993,"['32214', '32225', '32226', '32239', '32245', '32251', '32261', '32265', '32275', '32281']"
93,871701,0.3838569773152319,0.08333333333333333,90,2024-09-26 11:18:40.029333,"['32226', '32236', '32239', '32243', '32245', '32246', '32261', '32266', '32281', '32287']"
94,1007987,0.23010707169245584,0.4444444444444444,90,2024-09-26 11:18:40.132644,"['32214', '32215', '32222', '32239', '32251', '32264', '32266', '32276', '32281', '32287']"
95,1193401,0.3377996856019748,0.16666666666666666,95,2024-09-26 11:18:40.391637,"['32229', '32242', '32243', '32246', '32247', '32249', '32266', '32283', '32286', '32288']"
96,1559145,0.3567897848578184,0.1388888888888889,95,2024-09-26 11:18:40.494872,"['32221', '32226', '32236', '32239', '32246', '32261', '32266', '32281', '32287', '32288']"
97,289705,0.31282168570023683,0.19444444444444445,95,2024-09-26 11:18:40.600959,"['32218', '32226', '32231', '32236', '32239', '32245', '32263', '32266', '32287', '32288']"
98,50887,0.3616818791499008,0.027777777777777776,95,2024-09-26 11:18:40.706000,"['32221', '32226', '32230', '32239', '32245', '32249', '32261', '32263', '32266', '32288']"
99,1007142,0.274656035834364,0.4166666666666667,95,2024-09-26 11:18:40.808789,"['32226', '32248', '32251', '32253', '32266', '32273', '32275', '32277', '32287', '32288']"
100,62426,0.3062751684251919,0.16666666666666666,100,2024-09-26 11:18:41.065340,"['32226', '32239', '32243', '32248', '32251', '32266', '32270', '32275', '32287', '32288']"
101,814338,0.28661737577971513,0.3611111111111111,100,2024-09-26 11:18:41.167755,"['32214', '32221', '32226', '32239', '32244', '32263', '32269', '32281', '32287', '32288']"
102,1187823,0.3109179434645864,0.05555555555555555,100,2024-09-26 11:18:41.270642,"['32226', '32230', '32239', '32243', '32245', '32247', '32249', '32263', '32270', '32283']"
103,1446141,0.2853841388745336,0.2222222222222222,100,2024-09-26 11:18:41.374190,"['32224', '32239', '32252', '32256', '32269', '32271', '32273', '32279', '32285', '32287']"
104,192380,0.42899484047238295,0.0,100,2024-09-26 11:18:41.476268,"['32226', '32239', '32248', '32251', '32266', '32270', '32275', '32281', '32287', '32288']"
105,1347,0.29190704681625274,0.3611111111111111,105,2024-09-26 11:18:41.732389,"['32226', '32243', '32248', '32265', '32269', '32270', '32275', '32279', '32281', '32288']"
106,825163,0.32216382657148107,0.1388888888888889,105,2024-09-26 11:18:41.834816,"['32218', '32226', '32229', '32251', '32263', '32265', '32269', '32285', '32287', '32288']"
107,317595,0.3723218601173981,0.16666666666666666,105,2024-09-26 11:18:41.937674,"['32214', '32226', '32231', '32236', '32239', '32265', '32266', '32281', '32283', '32288']"
108,1407216,0.3340321066850594,0.2777777777777778,105,2024-09-26 11:18:42.040572,"['32214', '32221', '32226', '32236', '32239', '32243', '32261', '32265', '32283', '32287']"
109,109758,0.39361835378694193,0.0,105,2024-09-26 11:18:42.142726,"['32214', '32220', '32222', '32226', '32251', '32261', '32263', '32265', '32279', '32288']"
110,1569595,0.3395184291374176,0.19444444444444445,110,2024-09-26 11:18:42.401759,"['32226', '32238', '32243', '32248', '32251', '32269', '32270', '32273', '32281', '32287']"
111,901313,0.24984197471989295,0.1388888888888889,110,2024-09-26 11:18:42.508389,"['32225', '32239', '32243', '32247', '32265', '32266', '32270', '32275', '32281', '32283']"
112,1115946,0.2990325462126006,0.19444444444444445,110,2024-09-26 11:18:42.611720,"['32214', '32222', '32226', '32244', '32247', '32261', '32263', '32266', '32281', '32287']"
113,1439131,0.2941731522837853,0.027777777777777776,110,2024-09-26 11:18:42.713904,"['32221', '32226', '32243', '32247', '32251', '32265', '32266', '32281', '32283', '32287']"
114,702648,0.2715283497327245,0.3888888888888889,110,2024-09-26 11:18:42.817056,"['32225', '32230', '32239', '32243', '32245', '32247', '32263', '32266', '32275', '32281']"
115,133349,0.3325102163923556,0.0,115,2024-09-26 11:18:43.073459,"['32221', '32226', '32229', '32236', '32242', '32266', '32270', '32275', '32287', '32288']"
116,244084,0.32195389549220504,0.3055555555555556,115,2024-09-26 11:18:43.176640,"['32222', '32229', '32240', '32244', '32251', '32269', '32276', '32279', '32285', '32287']"
117,1497440,0.20434573995346209,0.2222222222222222,115,2024-09-26 11:18:43.279654,"['32220', '32221', '32225', '32228', '32230', '32243', '32262', '32263', '32265', '32287']"
118,734286,0.357375624156,0.2777777777777778,115,2024-09-26 11:18:43.384731,"['32214', '32218', '32221', '32239', '32264', '32265', '32281', '32283', '32287', '32288']"
119,464516,0.2856797259605678,0.1388888888888889,115,2024-09-26 11:18:43.487414,"['32220', '32225', '32226', '32243', '32249', '32265', '32266', '32270', '32274', '32287']"
120,918687,0.3474235310878475,0.1111111111111111,120,2024-09-26 11:18:43.746368,"['32221', '32229', '32230', '32231', '32265', '32269', '32270', '32274', '32281', '32283']"
121,900961,0.36132959910555346,0.1388888888888889,120,2024-09-26 11:18:43.852404,"['32218', '32221', '32226', '32261', '32263', '32264', '32266', '32281', '32287', '32288']"
122,1431693,0.302139979675725,0.0,120,2024-09-26 11:18:43.957510,"['32221', '32226', '32230', '32247', '32263', '32265', '32269', '32270', '32281', '32288']"
123,636304,0.31048613045916446,0.3055555555555556,120,2024-09-26 11:18:44.064159,"['32214', '32221', '32226', '32239', '32244', '32251', '32263', '32266', '32281', '32287']"
124,970756,0.3473464597887305,0.2222222222222222,120,2024-09-26 11:18:44.168477,"['32220', '32221', '32225', '32228', '32243', '32245', '32261', '32262', '32281', '32286']"
125,1528617,0.2913007257553626,0.2222222222222222,125,2024-09-26 11:18:44.427546,"['32214', '32218', '32226', '32239', '32243', '32266', '32269', '32281', '32287', '32288']"
126,1576524,0.41957202258888404,0.027777777777777776,125,2024-09-26 11:18:44.530146,"['32226', '32240', '32245', '32249', '32251', '32261', '32263', '32265', '32287', '32288']"
127,1654501,0.3440231322777553,0.25,125,2024-09-26 11:18:44.634024,"['32214', '32238', '32239', '32240', '32251', '32265', '32269', '32281', '32287', '32288']"
128,239538,0.3214315435969036,0.0,125,2024-09-26 11:18:44.738048,"['32214', '32236', '32239', '32243', '32261', '32263', '32266', '32270', '32283', '32288']"
129,1642163,0.26317866075056856,0.05555555555555555,125,2024-09-26 11:18:44.841791,"['32225', '32226', '32230', '32236', '32239', '32243', '32245', '32263', '32269', '32288']"
130,1649832,0.27601757901280327,0.0,130,2024-09-26 11:18:45.100379,"['32220', '32225', '32239', '32243', '32246', '32263', '32265', '32274', '32275', '32281']"
131,366084,0.3473582994149774,0.3611111111111111,130,2024-09-26 11:18:45.202781,"['32221', '32225', '32239', '32243', '32245', '32249', '32263', '32265', '32275', '32281']"
132,474016,0.33985710252319706,0.1388888888888889,130,2024-09-26 11:18:45.306982,"['32218', '32222', '32251', '32253', '32263', '32265', '32269', '32279', '32281', '32285']"
133,28895,0.30875482531741766,0.3055555555555556,130,2024-09-26 11:18:45.412006,"['32218', '32222', '32240', '32244', '32251', '32265', '32266', '32279', '32281', '32285']"
134,1626381,0.24385093704729102,0.3055555555555556,130,2024-09-26 11:18:45.516521,"['32221', '32225', '32231', '32239', '32247', '32263', '32265', '32266', '32275', '32281']"
135,735272,0.30164646714836024,0.3611111111111111,135,2024-09-26 11:18:45.777180,"['32214', '32226', '32231', '32236', '32245', '32263', '32270', '32281', '32287', '32288']"
136,1549189,0.3079181098408776,0.2222222222222222,135,2024-09-26 11:18:45.886786,"['32214', '32221', '32230', '32239', '32243', '32245', '32263', '32266', '32275', '32287']"
137,1650858,0.29501271380923083,0.3333333333333333,135,2024-09-26 11:18:45.991068,"['32226', '32229', '32231', '32236', '32249', '32266', '32269', '32275', '32283', '32287']"
138,1629582,0.2976524958056513,0.05555555555555555,135,2024-09-26 11:18:46.094618,"['32214', '32226', '32236', '32239', '32243', '32249', '32265', '32266', '32281', '32287']"
139,1067152,0.3681118265592564,0.25,135,2024-09-26 11:18:46.198626,"['32226', '32229', '32244', '32253', '32256', '32266', '32271', '32285', '32287', '32288']"
140,1244640,0.3357151677574603,0.05555555555555555,140,2024-09-26 11:18:46.456134,"['32224', '32232', '32238', '32251', '32256', '32265', '32273', '32277', '32280', '32287']"
141,856790,0.2664421290737874,0.5277777777777778,140,2024-09-26 11:18:46.558402,"['32214', '32215', '32222', '32239', '32244', '32251', '32265', '32276', '32279', '32287']"
142,1150402,0.3451150274964205,0.0,140,2024-09-26 11:18:46.660709,"['32221', '32226', '32243', '32249', '32251', '32265', '32269', '32270', '32287', '32288']"
143,141041,0.4254098064874341,0.0,140,2024-09-26 11:18:46.764119,"['32215', '32218', '32223', '32240', '32256', '32265', '32277', '32283', '32285', '32287']"
144,1147269,0.31393810880947526,0.1388888888888889,140,2024-09-26 11:18:46.866311,"['32218', '32226', '32229', '32244', '32251', '32263', '32266', '32279', '32281', '32287']"
145,1470373,0.33590588019920997,0.3611111111111111,145,2024-09-26 11:18:47.124550,"['32229', '32230', '32236', '32243', '32246', '32266', '32269', '32270', '32277', '32283']"
146,1255136,0.3696789815421407,0.2777777777777778,145,2024-09-26 11:18:47.229732,"['32218', '32221', '32226', '32229', '32239', '32244', '32265', '32266', '32269', '32283']"
147,555327,0.2727349551783085,0.05555555555555555,145,2024-09-26 11:18:47.333496,"['32220', '32221', '32226', '32230', '32239', '32246', '32263', '32266', '32275', '32281']"
148,1074282,0.2921045130392972,0.2222222222222222,145,2024-09-26 11:18:47.439829,"['32219', '32222', '32224', '32226', '32239', '32252', '32266', '32272', '32277', '32280']"
149,224205,0.35781594792185767,0.3055555555555556,145,2024-09-26 11:18:47.544853,"['32218', '32219', '32226', '32239', '32248', '32251', '32253', '32264', '32266', '32277']"
150,1323237,0.37644076895125744,0.25,150,2024-09-26 11:18:47.801989,"['32214', '32221', '32226', '32236', '32239', '32251', '32263', '32269', '32281', '32288']"
151,247272,0.36750886210117056,0.19444444444444445,150,2024-09-26 11:18:47.906757,"['32215', '32221', '32226', '32239', '32251', '32261', '32263', '32266', '32281', '32288']"
152,133000,0.2920253642944647,0.027777777777777776,150,2024-09-26 11:18:48.012635,"['32220', '32221', '32225', '32239', '32242', '32243', '32261', '32266', '32270', '32288']"
153,229964,0.28789540818405956,0.1111111111111111,150,2024-09-26 11:18:48.116341,"['32220', '32221', '32225', '32239', '32243', '32245', '32261', '32263', '32275', '32288']"
154,623830,0.3806402111037206,0.16666666666666666,150,2024-09-26 11:18:48.221156,"['32214', '32219', '32222', '32240', '32251', '32261', '32263', '32266', '32287', '32288']"
155,1594441,0.29027806723309607,0.3888888888888889,155,2024-09-26 11:18:48.483294,"['32226', '32231', '32236', '32239', '32245', '32266', '32275', '32281', '32287', '32288']"
156,886399,0.3162752529893654,0.05555555555555555,155,2024-09-26 11:18:48.595104,"['32221', '32226', '32231', '32236', '32239', '32261', '32265', '32266', '32281', '32288']"
157,1426094,0.31769220150808053,0.05555555555555555,155,2024-09-26 11:18:48.704830,"['32225', '32239', '32243', '32249', '32264', '32265', '32266', '32275', '32287', '32288']"
158,799972,0.31538978836178505,0.3333333333333333,155,2024-09-26 11:18:48.814964,"['32215', '32218', '32219', '32221', '32249', '32251', '32263', '32266', '32279', '32287']"
159,986156,0.32363785510907395,0.16666666666666666,155,2024-09-26 11:18:48.927147,"['32218', '32222', '32240', '32244', '32251', '32263', '32264', '32266', '32285', '32287']"
160,1469145,0.3557767900548241,0.05555555555555555,160,2024-09-26 11:18:49.193642,"['32215', '32226', '32229', '32238', '32239', '32251', '32256', '32266', '32281', '32287']"
161,1261700,0.2626620742148117,0.0,160,2024-09-26 11:18:49.304270,"['32220', '32226', '32236', '32239', '32243', '32245', '32263', '32266', '32270', '32275']"
162,997196,0.2895739560737012,0.25,160,2024-09-26 11:18:49.413169,"['32225', '32226', '32230', '32240', '32261', '32263', '32264', '32266', '32287', '32288']"
163,590479,0.2525612962443523,0.3888888888888889,160,2024-09-26 11:18:49.524528,"['32226', '32230', '32236', '32243', '32249', '32261', '32266', '32270', '32275', '32288']"
164,284830,0.302974705660315,0.0,160,2024-09-26 11:18:49.633219,"['32226', '32239', '32247', '32263', '32266', '32270', '32274', '32275', '32281', '32287']"
165,331986,0.29761336726105764,0.027777777777777776,165,2024-09-26 11:18:49.894443,"['32221', '32225', '32239', '32243', '32245', '32261', '32263', '32265', '32275', '32288']"
166,365479,0.4650316422565629,0.0,165,2024-09-26 11:18:49.997222,"['32221', '32226', '32236', '32238', '32251', '32263', '32265', '32281', '32287', '32288']"
167,809240,0.42143057936449074,0.05555555555555555,165,2024-09-26 11:18:50.102227,"['32219', '32223', '32243', '32253', '32265', '32270', '32272', '32277', '32281', '32283']"
168,440957,0.2682709566314839,0.3055555555555556,165,2024-09-26 11:18:50.207439,"['32218', '32221', '32226', '32236', '32239', '32251', '32265', '32281', '32287', '32288']"
169,1263462,0.3215664048601372,0.027777777777777776,165,2024-09-26 11:18:50.312496,"['32214', '32225', '32226', '32239', '32245', '32249', '32261', '32263', '32265', '32288']"
170,1535129,0.3406775580290803,0.19444444444444445,170,2024-09-26 11:18:50.573628,"['32219', '32229', '32251', '32269', '32276', '32277', '32279', '32281', '32287', '32288']"
171,527153,0.33486351393724423,0.1111111111111111,170,2024-09-26 11:18:50.678061,"['32221', '32240', '32244', '32263', '32265', '32276', '32279', '32281', '32287', '32288']"
172,893228,0.2859504932780156,0.08333333333333333,170,2024-09-26 11:18:50.781788,"['32220', '32221', '32225', '32231', '32239', '32261', '32263', '32275', '32281', '32287']"
173,84428,0.2661468760299608,0.05555555555555555,170,2024-09-26 11:18:50.885033,"['32221', '32226', '32230', '32236', '32239', '32243', '32245', '32265', '32270', '32281']"
174,199630,0.3424454868453912,0.16666666666666666,170,2024-09-26 11:18:50.994034,"['32239', '32243', '32249', '32251', '32266', '32270', '32276', '32281', '32283', '32285']"
175,190831,0.39844063738253244,0.1388888888888889,175,2024-09-26 11:18:51.252971,"['32226', '32231', '32239', '32251', '32263', '32265', '32270', '32276', '32287', '32288']"
176,1584951,0.28303253198884165,0.2222222222222222,175,2024-09-26 11:18:51.355831,"['32214', '32221', '32239', '32251', '32263', '32265', '32276', '32281', '32287', '32288']"
177,820075,0.3019695111377919,0.16666666666666666,175,2024-09-26 11:18:51.458643,"['32214', '32221', '32239', '32251', '32263', '32265', '32276', '32281', '32287', '32288']"
178,710385,0.35382519387335903,0.2222222222222222,175,2024-09-26 11:18:51.561500,"['32218', '32239', '32243', '32251', '32265', '32269', '32276', '32285', '32287', '32288']"
179,610524,0.2684316014366536,0.3055555555555556,175,2024-09-26 11:18:51.665957,"['32214', '32220', '32225', '32231', '32239', '32245', '32249', '32251', '32265', '32275']"
180,572823,0.27698687842203323,0.3611111111111111,180,2024-09-26 11:18:51.925272,"['32225', '32226', '32236', '32243', '32249', '32265', '32266', '32270', '32274', '32283']"
181,1216161,0.2957837589901504,0.027777777777777776,180,2024-09-26 11:18:52.029212,"['32214', '32220', '32225', '32226', '32230', '32236', '32243', '32263', '32265', '32275']"
182,13807,0.25083176468575863,0.08333333333333333,180,2024-09-26 11:18:52.133882,"['32220', '32225', '32226', '32231', '32236', '32243', '32263', '32266', '32270', '32283']"
183,1264364,0.32905411602671436,0.05555555555555555,180,2024-09-26 11:18:52.238214,"['32214', '32218', '32222', '32226', '32232', '32239', '32253', '32269', '32277', '32285']"
184,276705,0.3547809862735123,0.16666666666666666,180,2024-09-26 11:18:52.343733,"['32226', '32236', '32239', '32251', '32264', '32265', '32269', '32281', '32287', '32288']"
185,1232581,0.3155926278531297,0.027777777777777776,185,2024-09-26 11:18:52.608007,"['32221', '32231', '32239', '32242', '32243', '32248', '32274', '32275', '32281', '32283']"
186,1589680,0.35142322425090705,0.0,185,2024-09-26 11:18:52.714707,"['32225', '32239', '32243', '32247', '32249', '32261', '32263', '32265', '32270', '32275']"
187,1357604,0.27256751549179037,0.2222222222222222,185,2024-09-26 11:18:52.823540,"['32221', '32226', '32236', '32239', '32249', '32265', '32270', '32275', '32281', '32283']"
188,1440644,0.273003261379677,0.1388888888888889,185,2024-09-26 11:18:52.928215,"['32214', '32220', '32226', '32230', '32236', '32239', '32246', '32251', '32266', '32281']"
189,233778,0.3226564104761433,0.027777777777777776,185,2024-09-26 11:18:53.036369,"['32226', '32229', '32239', '32243', '32265', '32266', '32269', '32275', '32281', '32283']"
190,1607722,0.32286195685706776,0.25,190,2024-09-26 11:18:53.329866,"['32218', '32221', '32226', '32231', '32247', '32251', '32266', '32281', '32287', '32288']"
191,122428,0.3330224879102838,0.3611111111111111,190,2024-09-26 11:18:53.436039,"['32221', '32230', '32231', '32243', '32245', '32246', '32249', '32261', '32283', '32287']"
192,433425,0.3517052351329876,0.16666666666666666,190,2024-09-26 11:18:53.546344,"['32214', '32222', '32226', '32245', '32249', '32261', '32263', '32265', '32287', '32288']"
193,1620293,0.3718188746735681,0.1388888888888889,190,2024-09-26 11:18:53.652594,"['32226', '32229', '32239', '32251', '32264', '32265', '32269', '32275', '32281', '32287']"
194,245006,0.29950186940666534,0.1388888888888889,190,2024-09-26 11:18:53.758448,"['32230', '32243', '32245', '32249', '32261', '32263', '32265', '32270', '32274', '32287']"
195,1437225,0.361349308146696,0.1111111111111111,195,2024-09-26 11:18:54.022880,"['32219', '32221', '32226', '32230', '32236', '32249', '32251', '32265', '32279', '32281']"
196,1272059,0.30822531826403476,0.1111111111111111,195,2024-09-26 11:18:54.128399,"['32221', '32225', '32226', '32229', '32242', '32246', '32251', '32265', '32270', '32274']"
197,927915,0.2882306887361952,0.5833333333333334,195,2024-09-26 11:18:54.234065,"['32214', '32219', '32239', '32240', '32251', '32265', '32276', '32279', '32281', '32287']"
198,247783,0.3719542648632006,0.2222222222222222,195,2024-09-26 11:18:54.337914,"['32226', '32248', '32249', '32251', '32253', '32265', '32270', '32273', '32275', '32279']"
199,817055,0.3866264085940813,0.08333333333333333,195,2024-09-26 11:18:54.440150,"['32214', '32231', '32236', '32239', '32263', '32265', '32266', '32283', '32287', '32288']"
200,1059127,0.31918855180972416,0.16666666666666666,200,2024-09-26 11:18:54.702397,"['32225', '32226', '32236', '32247', '32265', '32270', '32275', '32286', '32287', '32288']"
201,1134415,0.3197400010752133,0.0,200,2024-09-26 11:18:54.805020,"['32221', '32226', '32236', '32239', '32249', '32261', '32265', '32281', '32287', '32288']"
202,489759,0.30250115005222544,0.1111111111111111,200,2024-09-26 11:18:54.911168,"['32214', '32225', '32236', '32238', '32239', '32245', '32249', '32263', '32265', '32287']"
203,266706,0.32676280230433996,0.1111111111111111,200,2024-09-26 11:18:55.017311,"['32222', '32229', '32240', '32244', '32263', '32265', '32271', '32279', '32285', '32287']"
204,591730,0.4203612446200989,0.0,200,2024-09-26 11:18:55.122928,"['32221', '32226', '32236', '32245', '32247', '32249', '32270', '32283', '32286', '32287']"
205,1397534,0.40406410216633454,0.19444444444444445,205,2024-09-26 11:18:55.388334,"['32221', '32225', '32226', '32229', '32230', '32245', '32265', '32274', '32275', '32287']"
206,1504458,0.3395598089917237,0.1111111111111111,205,2024-09-26 11:18:55.496935,"['32214', '32215', '32218', '32222', '32238', '32263', '32264', '32265', '32281', '32288']"
207,166698,0.3169777240018094,0.2222222222222222,205,2024-09-26 11:18:55.603440,"['32225', '32230', '32236', '32239', '32247', '32265', '32266', '32270', '32283', '32288']"
208,231368,0.2226585404395443,0.3888888888888889,205,2024-09-26 11:18:55.709590,"['32226', '32236', '32239', '32261', '32263', '32265', '32275', '32281', '32287', '32288']"
209,527900,0.2823564015404174,0.3333333333333333,205,2024-09-26 11:18:55.814817,"['32221', '32226', '32230', '32236', '32239', '32243', '32249', '32265', '32275', '32281']"
210,54593,0.31518421558816057,0.3888888888888889,210,2024-09-26 11:18:56.085403,"['32218', '32221', '32226', '32231', '32236', '32251', '32264', '32266', '32287', '32288']"
211,12292,0.282230088950506,0.25,210,2024-09-26 11:18:56.191116,"['32215', '32220', '32221', '32225', '32245', '32247', '32251', '32264', '32266', '32287']"
212,416385,0.37378544701142713,0.2222222222222222,210,2024-09-26 11:18:56.296384,"['32218', '32221', '32222', '32236', '32239', '32264', '32266', '32276', '32287', '32288']"
213,593683,0.2804357265038875,0.2222222222222222,210,2024-09-26 11:18:56.402114,"['32214', '32220', '32221', '32225', '32239', '32245', '32247', '32263', '32266', '32287']"
214,1062140,0.35292516395078416,0.05555555555555555,210,2024-09-26 11:18:56.506827,"['32223', '32224', '32239', '32243', '32244', '32253', '32266', '32268', '32283', '32285']"
215,970259,0.26505268448978997,0.1388888888888889,215,2024-09-26 11:18:56.775596,"['32214', '32221', '32226', '32230', '32249', '32251', '32261', '32266', '32281', '32287']"
216,848984,0.2646936247953964,0.1388888888888889,215,2024-09-26 11:18:56.883986,"['32214', '32221', '32226', '32230', '32249', '32251', '32261', '32266', '32281', '32287']"
217,1309224,0.36741349330245054,0.1388888888888889,215,2024-09-26 11:18:56.993773,"['32229', '32231', '32236', '32251', '32265', '32266', '32281', '32285', '32287', '32288']"
218,668568,0.35398444604691326,0.1388888888888889,215,2024-09-26 11:18:57.100395,"['32215', '32236', '32239', '32251', '32263', '32266', '32279', '32285', '32287', '32288']"
219,438587,0.39572833508195043,0.1388888888888889,215,2024-09-26 11:18:57.208636,"['32214', '32232', '32251', '32252', '32253', '32256', '32276', '32277', '32285', '32287']"
220,835425,0.3710759448230941,0.19444444444444445,220,2024-09-26 11:18:57.488680,"['32221', '32226', '32242', '32243', '32248', '32249', '32251', '32266', '32274', '32275']"
221,867480,0.314256787319139,0.05555555555555555,220,2024-09-26 11:18:57.592478,"['32214', '32220', '32221', '32236', '32246', '32247', '32251', '32263', '32266', '32287']"
222,1543275,0.299838839031644,0.0,220,2024-09-26 11:18:57.698380,"['32214', '32225', '32226', '32239', '32245', '32247', '32249', '32251', '32263', '32266']"
223,995183,0.22739579184548334,0.3055555555555556,220,2024-09-26 11:18:57.806074,"['32221', '32226', '32236', '32245', '32246', '32251', '32264', '32266', '32287', '32288']"
224,1489523,0.33918485963017725,0.08333333333333333,220,2024-09-26 11:18:57.912881,"['32226', '32239', '32243', '32245', '32246', '32251', '32261', '32266', '32281', '32288']"
225,263493,0.32485374821690816,0.05555555555555555,225,2024-09-26 11:18:58.176702,"['32222', '32229', '32253', '32263', '32265', '32269', '32276', '32279', '32280', '32287']"
226,130763,0.2617386882214483,0.027777777777777776,225,2024-09-26 11:18:58.282836,"['32220', '32231', '32242', '32245', '32263', '32265', '32270', '32274', '32287', '32288']"
227,753229,0.3595989038623124,0.25,225,2024-09-26 11:18:58.389667,"['32226', '32229', '32239', '32243', '32251', '32265', '32281', '32285', '32287', '32288']"
228,1644920,0.2674778728736445,0.16666666666666666,225,2024-09-26 11:18:58.499732,"['32221', '32229', '32242', '32246', '32265', '32266', '32274', '32283', '32286', '32288']"
229,963256,0.2641691644686585,0.4722222222222222,225,2024-09-26 11:18:58.610543,"['32214', '32221', '32226', '32239', '32244', '32251', '32265', '32276', '32285', '32287']"
230,477295,0.3751918725973656,0.0,230,2024-09-26 11:18:58.874030,"['32221', '32226', '32244', '32249', '32251', '32261', '32263', '32266', '32287', '32288']"
231,575050,0.38875272616913725,0.027777777777777776,230,2024-09-26 11:18:58.979822,"['32214', '32229', '32238', '32251', '32256', '32263', '32266', '32277', '32285', '32288']"
232,257343,0.26603951153117333,0.08333333333333333,230,2024-09-26 11:18:59.087420,"['32236', '32239', '32242', '32261', '32266', '32269', '32274', '32275', '32283', '32288']"
233,1369220,0.2674365675298368,0.4444444444444444,230,2024-09-26 11:18:59.195013,"['32221', '32226', '32236', '32244', '32251', '32261', '32266', '32281', '32287', '32288']"
234,1431845,0.36910253460017434,0.05555555555555555,230,2024-09-26 11:18:59.302531,"['32220', '32226', '32230', '32236', '32245', '32261', '32263', '32266', '32281', '32288']"
235,575067,0.3232789984339568,0.0,235,2024-09-26 11:18:59.562994,"['32214', '32221', '32226', '32239', '32243', '32249', '32251', '32275', '32281', '32287']"
236,546715,0.279201484339572,0.08333333333333333,235,2024-09-26 11:18:59.667566,"['32226', '32230', '32236', '32243', '32249', '32263', '32270', '32281', '32283', '32288']"
237,623885,0.27042792105307867,0.05555555555555555,235,2024-09-26 11:18:59.770756,"['32225', '32226', '32243', '32249', '32261', '32263', '32265', '32270', '32274', '32281']"
238,312767,0.2880646562473805,0.1111111111111111,235,2024-09-26 11:18:59.874373,"['32226', '32242', '32244', '32245', '32249', '32263', '32265', '32270', '32274', '32275']"
239,1165678,0.3800804141884808,0.0,235,2024-09-26 11:18:59.978285,"['32222', '32226', '32232', '32238', '32239', '32251', '32252', '32255', '32267', '32271']"
240,645031,0.2964472335379546,0.3333333333333333,240,2024-09-26 11:19:00.240646,"['32214', '32221', '32226', '32229', '32236', '32243', '32245', '32266', '32283', '32287']"
241,914166,0.37048717062988473,0.05555555555555555,240,2024-09-26 11:19:00.343957,"['32221', '32222', '32244', '32251', '32261', '32263', '32266', '32285', '32287', '32288']"
242,353650,0.2973934608236036,0.2777777777777778,240,2024-09-26 11:19:00.446968,"['32220', '32221', '32222', '32226', '32245', '32246', '32247', '32261', '32266', '32287']"
243,1210645,0.42220174474523225,0.1388888888888889,240,2024-09-26 11:19:00.551651,"['32226', '32239', '32243', '32251', '32266', '32269', '32273', '32283', '32287', '32288']"
244,561195,0.4669489396933446,0.05555555555555555,240,2024-09-26 11:19:00.654485,"['32221', '32226', '32229', '32239', '32251', '32263', '32265', '32281', '32287', '32288']"
245,969690,0.3218790304906354,0.05555555555555555,245,2024-09-26 11:19:00.914775,"['32226', '32229', '32236', '32249', '32253', '32265', '32273', '32274', '32275', '32288']"
246,648043,0.3884045135507928,0.19444444444444445,245,2024-09-26 11:19:01.017619,"['32221', '32222', '32236', '32245', '32249', '32261', '32263', '32265', '32281', '32287']"
247,915805,0.2490526418533531,0.1111111111111111,245,2024-09-26 11:19:01.122444,"['32226', '32231', '32234', '32242', '32243', '32261', '32265', '32266', '32275', '32283']"
248,1387365,0.3667267402814148,0.1111111111111111,245,2024-09-26 11:19:01.225390,"['32229', '32236', '32244', '32251', '32253', '32265', '32281', '32285', '32287', '32288']"
249,923047,0.40420146723821804,0.16666666666666666,245,2024-09-26 11:19:01.328365,"['32217', '32218', '32222', '32251', '32263', '32265', '32267', '32279', '32285', '32287']"
250,1081325,0.30179693287461556,0.5277777777777778,250,2024-09-26 11:19:01.588022,"['32218', '32229', '32239', '32251', '32266', '32270', '32275', '32281', '32287', '32288']"
251,713140,0.4228189690156153,0.027777777777777776,250,2024-09-26 11:19:01.692425,"['32218', '32223', '32238', '32253', '32266', '32276', '32277', '32283', '32285', '32288']"
252,1153830,0.2627039292256065,0.1388888888888889,250,2024-09-26 11:19:01.796558,"['32220', '32225', '32231', '32263', '32265', '32270', '32274', '32275', '32287', '32288']"
253,687491,0.26250768097632743,0.1111111111111111,250,2024-09-26 11:19:01.900041,"['32225', '32226', '32230', '32234', '32242', '32243', '32246', '32274', '32283', '32288']"
254,250979,0.3014853679523592,0.1111111111111111,250,2024-09-26 11:19:02.005140,"['32221', '32226', '32231', '32239', '32251', '32263', '32266', '32281', '32287', '32288']"
255,19189,0.33033730610536316,0.0,255,2024-09-26 11:19:02.266452,"['32221', '32226', '32229', '32239', '32243', '32249', '32251', '32265', '32270', '32283']"
256,1400131,0.33074178114872876,0.0,255,2024-09-26 11:19:02.369066,"['32226', '32236', '32239', '32247', '32249', '32261', '32265', '32266', '32281', '32288']"
257,1037554,0.28170343258139546,0.3611111111111111,255,2024-09-26 11:19:02.470947,"['32218', '32221', '32226', '32236', '32244', '32251', '32265', '32281', '32287', '32288']"
258,15515,0.37227531996511637,0.3055555555555556,255,2024-09-26 11:19:02.573945,"['32226', '32229', '32239', '32248', '32251', '32253', '32265', '32270', '32275', '32283']"
259,1313806,0.26887934866499624,0.19444444444444445,255,2024-09-26 11:19:02.676918,"['32221', '32226', '32231', '32239', '32245', '32251', '32263', '32265', '32281', '32288']"
260,1648004,0.30039645717696123,0.2222222222222222,260,2024-09-26 11:19:02.938197,"['32215', '32221', '32238', '32240', '32253', '32269', '32270', '32277', '32283', '32287']"
261,1388732,0.37500393724344516,0.2777777777777778,260,2024-09-26 11:19:03.046108,"['32221', '32226', '32231', '32243', '32251', '32253', '32269', '32275', '32285', '32287']"
262,1486694,0.3554146620144453,0.19444444444444445,260,2024-09-26 11:19:03.152257,"['32214', '32218', '32221', '32244', '32251', '32263', '32266', '32276', '32279', '32287']"
263,643994,0.3610300400890454,0.1111111111111111,260,2024-09-26 11:19:03.257249,"['32215', '32232', '32252', '32255', '32266', '32272', '32276', '32277', '32280', '32287']"
264,11202,0.29024343335390645,0.0,260,2024-09-26 11:19:03.360644,"['32221', '32225', '32226', '32236', '32239', '32245', '32246', '32263', '32270', '32287']"
265,383299,0.26259350594667225,0.16666666666666666,265,2024-09-26 11:19:03.623979,"['32225', '32231', '32239', '32243', '32245', '32263', '32266', '32270', '32287', '32288']"
266,361999,0.26109506432525065,0.16666666666666666,265,2024-09-26 11:19:03.727719,"['32220', '32228', '32230', '32243', '32245', '32263', '32266', '32270', '32275', '32281']"
267,511626,0.30582752268401064,0.027777777777777776,265,2024-09-26 11:19:03.830956,"['32226', '32229', '32236', '32239', '32243', '32251', '32266', '32275', '32281', '32287']"
268,1193249,0.2948275714861945,0.19444444444444445,265,2024-09-26 11:19:03.932710,"['32214', '32221', '32225', '32226', '32230', '32236', '32243', '32245', '32263', '32266']"
269,454347,0.3296022752633299,0.3611111111111111,265,2024-09-26 11:19:04.039723,"['32229', '32239', '32243', '32244', '32266', '32275', '32276', '32279', '32287', '32288']"
270,925491,0.3543068855505586,0.08333333333333333,270,2024-09-26 11:19:04.300362,"['32214', '32236', '32239', '32243', '32251', '32265', '32266', '32283', '32287', '32288']"
271,172414,0.30620510601203976,0.4166666666666667,270,2024-09-26 11:19:04.402857,"['32226', '32229', '32236', '32246', '32249', '32251', '32266', '32283', '32285', '32288']"
272,1527320,0.33754735784550205,0.0,270,2024-09-26 11:19:04.505045,"['32226', '32229', '32236', '32243', '32244', '32251', '32270', '32283', '32285', '32288']"
273,393990,0.25299197046470695,0.3333333333333333,270,2024-09-26 11:19:04.608249,"['32221', '32225', '32236', '32242', '32251', '32261', '32266', '32270', '32274', '32283']"
274,305643,0.29476375148960815,0.027777777777777776,270,2024-09-26 11:19:04.710463,"['32221', '32226', '32230', '32236', '32239', '32251', '32270', '32275', '32285', '32288']"
275,1168088,0.27675700067760944,0.5,275,2024-09-26 11:19:04.971217,"['32221', '32229', '32236', '32239', '32251', '32266', '32277', '32283', '32287', '32288']"
276,403763,0.27945224250651457,0.05555555555555555,275,2024-09-26 11:19:05.074966,"['32225', '32226', '32239', '32245', '32248', '32261', '32270', '32274', '32283', '32287']"
277,299357,0.2536299149961645,0.1388888888888889,275,2024-09-26 11:19:05.176584,"['32225', '32226', '32234', '32239', '32242', '32245', '32249', '32262', '32283', '32287']"
278,1498184,0.3135595857606365,0.2777777777777778,275,2024-09-26 11:19:05.281116,"['32214', '32221', '32236', '32251', '32263', '32266', '32276', '32281', '32287', '32288']"
279,1646477,0.36404636697488607,0.1388888888888889,275,2024-09-26 11:19:05.383225,"['32219', '32221', '32243', '32251', '32253', '32264', '32265', '32266', '32285', '32287']"
280,537500,0.27006893718587344,0.25,280,2024-09-26 11:19:05.644259,"['32219', '32236', '32239', '32251', '32269', '32276', '32279', '32281', '32285', '32287']"
281,1272554,0.3466904344623967,0.027777777777777776,280,2024-09-26 11:19:05.751245,"['32219', '32226', '32229', '32239', '32243', '32251', '32265', '32269', '32281', '32285']"
282,107843,0.2963904456688778,0.3055555555555556,280,2024-09-26 11:19:05.857351,"['32226', '32236', '32243', '32245', '32246', '32249', '32261', '32274', '32275', '32285']"
283,906882,0.3279103141787039,0.1111111111111111,280,2024-09-26 11:19:05.960838,"['32221', '32225', '32236', '32261', '32266', '32270', '32274', '32275', '32283', '32285']"
284,1159072,0.3533258329555184,0.3333333333333333,280,2024-09-26 11:19:06.065778,"['32214', '32239', '32264', '32265', '32269', '32270', '32281', '32283', '32285', '32287']"
285,1507478,0.235908365472269,0.4166666666666667,285,2024-09-26 11:19:06.326716,"['32220', '32221', '32228', '32239', '32243', '32245', '32263', '32266', '32275', '32281']"
286,1347706,0.25576562276825254,0.2222222222222222,285,2024-09-26 11:19:06.428808,"['32230', '32231', '32236', '32245', '32263', '32266', '32275', '32281', '32287', '32288']"
287,289659,0.25781027791382316,0.25,285,2024-09-26 11:19:06.533791,"['32214', '32220', '32225', '32226', '32231', '32239', '32263', '32266', '32275', '32281']"
288,296125,0.38167969255873313,0.1388888888888889,285,2024-09-26 11:19:06.637764,"['32215', '32220', '32221', '32226', '32249', '32261', '32263', '32266', '32281', '32288']"
289,829232,0.2618694117178491,0.08333333333333333,285,2024-09-26 11:19:06.740120,"['32220', '32226', '32230', '32239', '32243', '32245', '32263', '32265', '32266', '32281']"
290,854320,0.21657760288193478,0.25,290,2024-09-26 11:19:07.001738,"['32220', '32226', '32229', '32236', '32249', '32261', '32266', '32281', '32287', '32288']"
291,1144517,0.29963503291570986,0.3611111111111111,290,2024-09-26 11:19:07.107006,"['32218', '32221', '32222', '32226', '32236', '32238', '32266', '32271', '32281', '32287']"
292,500445,0.40294394420728946,0.027777777777777776,290,2024-09-26 11:19:07.214658,"['32215', '32222', '32223', '32229', '32240', '32244', '32256', '32273', '32285', '32287']"
293,85582,0.34302105907277186,0.0,290,2024-09-26 11:19:07.320699,"['32214', '32226', '32229', '32236', '32239', '32243', '32249', '32266', '32287', '32288']"
294,413223,0.37266123548538505,0.05555555555555555,290,2024-09-26 11:19:07.424305,"['32218', '32221', '32222', '32229', '32236', '32263', '32266', '32281', '32287', '32288']"
295,1480931,0.31366852855702504,0.0,295,2024-09-26 11:19:07.686033,"['32221', '32229', '32236', '32239', '32243', '32247', '32266', '32274', '32283', '32288']"
296,1314466,0.32973601389867757,0.0,295,2024-09-26 11:19:07.788964,"['32220', '32221', '32236', '32239', '32247', '32265', '32266', '32270', '32275', '32288']"
297,407442,0.32974384297871584,0.0,295,2024-09-26 11:19:07.891036,"['32226', '32230', '32236', '32242', '32243', '32247', '32274', '32275', '32286', '32288']"
298,1403768,0.23458407356899103,0.19444444444444445,295,2024-09-26 11:19:07.994300,"['32220', '32225', '32236', '32239', '32243', '32249', '32266', '32270', '32275', '32288']"
299,395567,0.330131972596411,0.3611111111111111,295,2024-09-26 11:19:08.101884,"['32214', '32221', '32226', '32239', '32240', '32247', '32263', '32265', '32270', '32288']"
300,1439232,0.2606786038894664,0.05555555555555555,300,2024-09-26 11:19:08.363350,"['32221', '32236', '32239', '32243', '32245', '32249', '32263', '32265', '32270', '32274']"
301,323606,0.4685318646824958,0.08333333333333333,300,2024-09-26 11:19:08.466923,"['32215', '32229', '32232', '32239', '32244', '32253', '32256', '32271', '32279', '32280']"
302,930642,0.32827670527409875,0.3055555555555556,300,2024-09-26 11:19:08.571326,"['32221', '32226', '32239', '32244', '32246', '32247', '32249', '32265', '32270', '32275']"
303,1490039,0.35196587032812465,0.19444444444444445,300,2024-09-26 11:19:08.677723,"['32218', '32239', '32244', '32251', '32264', '32265', '32270', '32285', '32287', '32288']"
304,1153729,0.29246491927110163,0.2777777777777778,300,2024-09-26 11:19:08.779712,"['32214', '32226', '32239', '32244', '32245', '32247', '32263', '32265', '32270', '32275']"
305,1424142,0.21711431919944896,0.5277777777777778,305,2024-09-26 11:19:09.039389,"['32225', '32230', '32236', '32239', '32243', '32261', '32263', '32266', '32270', '32286']"
306,796646,0.42166235535732816,0.0,305,2024-09-26 11:19:09.141679,"['32222', '32229', '32239', '32244', '32253', '32265', '32269', '32276', '32285', '32287']"
307,293323,0.378907851988821,0.1388888888888889,305,2024-09-26 11:19:09.249327,"['32221', '32226', '32230', '32239', '32243', '32244', '32245', '32251', '32261', '32281']"
308,288287,0.3319677868860292,0.2222222222222222,305,2024-09-26 11:19:09.353442,"['32231', '32236', '32239', '32243', '32245', '32247', '32263', '32265', '32275', '32281']"
309,575475,0.36228922225377386,0.0,305,2024-09-26 11:19:09.455066,"['32221', '32226', '32236', '32239', '32243', '32251', '32275', '32281', '32285', '32287']"
310,772522,0.3088253316628747,0.027777777777777776,310,2024-09-26 11:19:09.716932,"['32214', '32221', '32225', '32242', '32263', '32265', '32266', '32270', '32274', '32287']"
311,855111,0.41888146715763613,0.08333333333333333,310,2024-09-26 11:19:09.820792,"['32221', '32222', '32226', '32236', '32238', '32249', '32263', '32266', '32287', '32288']"
312,894188,0.2626749822211497,0.08333333333333333,310,2024-09-26 11:19:09.923807,"['32214', '32221', '32226', '32236', '32243', '32245', '32249', '32263', '32266', '32287']"
313,828855,0.32904545089361725,0.25,310,2024-09-26 11:19:10.027324,"['32214', '32251', '32253', '32263', '32266', '32279', '32280', '32281', '32285', '32287']"
314,466644,0.31323848737078874,0.4722222222222222,310,2024-09-26 11:19:10.131767,"['32214', '32221', '32226', '32236', '32239', '32243', '32263', '32266', '32287', '32288']"
315,1647133,0.28353804671924365,0.1111111111111111,315,2024-09-26 11:19:10.392603,"['32214', '32221', '32226', '32245', '32249', '32261', '32263', '32265', '32275', '32287']"
316,372545,0.35444433310169954,0.05555555555555555,315,2024-09-26 11:19:10.494894,"['32214', '32220', '32238', '32240', '32251', '32263', '32265', '32276', '32279', '32285']"
317,1192788,0.33543825870379373,0.3055555555555556,315,2024-09-26 11:19:10.599776,"['32214', '32221', '32226', '32239', '32244', '32249', '32263', '32265', '32275', '32287']"
318,1174516,0.33629411852194135,0.0,315,2024-09-26 11:19:10.704714,"['32220', '32221', '32226', '32231', '32243', '32265', '32266', '32269', '32270', '32283']"
319,45728,0.31828256219637185,0.0,315,2024-09-26 11:19:10.807174,"['32221', '32226', '32230', '32243', '32245', '32263', '32265', '32274', '32275', '32287']"
320,120952,0.3058638162933692,0.3611111111111111,320,2024-09-26 11:19:11.071641,"['32236', '32243', '32245', '32247', '32249', '32263', '32266', '32275', '32281', '32288']"
321,1184712,0.3238385562950139,0.027777777777777776,320,2024-09-26 11:19:11.175676,"['32221', '32226', '32236', '32243', '32266', '32269', '32270', '32276', '32281', '32288']"
322,366292,0.2995855976194048,0.3888888888888889,320,2024-09-26 11:19:11.281183,"['32219', '32221', '32226', '32238', '32239', '32251', '32266', '32279', '32281', '32288']"
323,277987,0.2854428389592571,0.1111111111111111,320,2024-09-26 11:19:11.384714,"['32214', '32221', '32226', '32230', '32261', '32263', '32266', '32276', '32281', '32288']"
324,1278708,0.31805620923759675,0.1111111111111111,320,2024-09-26 11:19:11.491697,"['32214', '32220', '32225', '32230', '32243', '32245', '32263', '32266', '32281', '32288']"
325,913148,0.3099640002084257,0.4444444444444444,325,2024-09-26 11:19:11.752552,"['32214', '32220', '32221', '32225', '32239', '32245', '32246', '32263', '32265', '32275']"
326,278852,0.37245230614389835,0.2222222222222222,325,2024-09-26 11:19:11.854465,"['32229', '32238', '32243', '32251', '32253', '32265', '32266', '32269', '32285', '32288']"
327,104848,0.3595681568404644,0.25,325,2024-09-26 11:19:11.956994,"['32218', '32220', '32222', '32226', '32251', '32263', '32265', '32276', '32279', '32287']"
328,1000725,0.341658361370692,0.3055555555555556,325,2024-09-26 11:19:12.064266,"['32221', '32226', '32229', '32239', '32243', '32265', '32266', '32269', '32283', '32287']"
329,1531819,0.2505991816731143,0.3333333333333333,325,2024-09-26 11:19:12.168682,"['32221', '32239', '32242', '32243', '32249', '32261', '32265', '32270', '32274', '32283']"
330,190972,0.24996920860050298,0.05555555555555555,330,2024-09-26 11:19:12.431453,"['32225', '32228', '32230', '32236', '32243', '32245', '32263', '32270', '32274', '32287']"
331,471894,0.3247436139889151,0.2222222222222222,330,2024-09-26 11:19:12.535861,"['32219', '32221', '32226', '32244', '32251', '32265', '32281', '32285', '32287', '32288']"
332,1019246,0.3423183796169589,0.0,330,2024-09-26 11:19:12.639838,"['32229', '32239', '32251', '32265', '32266', '32269', '32279', '32281', '32287', '32288']"
333,969891,0.3668740904624188,0.25,330,2024-09-26 11:19:12.746224,"['32221', '32226', '32229', '32244', '32251', '32279', '32281', '32285', '32287', '32288']"
334,998790,0.2795425603935111,0.027777777777777776,330,2024-09-26 11:19:12.851878,"['32234', '32236', '32242', '32247', '32248', '32261', '32270', '32274', '32283', '32287']"
335,855019,0.41517081482779267,0.0,335,2024-09-26 11:19:13.112419,"['32229', '32230', '32236', '32239', '32249', '32251', '32270', '32275', '32283', '32288']"
336,885820,0.3979201602962283,0.027777777777777776,335,2024-09-26 11:19:13.214689,"['32218', '32229', '32236', '32240', '32256', '32266', '32269', '32271', '32280', '32288']"
337,1493828,0.4531528561345196,0.1111111111111111,335,2024-09-26 11:19:13.317710,"['32220', '32225', '32236', '32239', '32243', '32245', '32247', '32263', '32266', '32288']"
338,1522386,0.3637193893809464,0.08333333333333333,335,2024-09-26 11:19:13.423327,"['32214', '32220', '32231', '32239', '32243', '32245', '32249', '32263', '32265', '32288']"
339,1477348,0.3719885620660553,0.0,335,2024-09-26 11:19:13.528062,"['32214', '32231', '32236', '32239', '32243', '32266', '32269', '32270', '32283', '32288']"
340,223811,0.2937509540381638,0.3333333333333333,340,2024-09-26 11:19:13.789328,"['32221', '32236', '32239', '32253', '32266', '32269', '32275', '32283', '32287', '32288']"
341,1110562,0.36974595557397105,0.25,340,2024-09-26 11:19:13.896235,"['32221', '32226', '32236', '32251', '32264', '32266', '32281', '32285', '32287', '32288']"
342,417097,0.27506961460638973,0.2222222222222222,340,2024-09-26 11:19:14.001887,"['32220', '32221', '32225', '32230', '32239', '32247', '32263', '32270', '32275', '32288']"
343,1343406,0.29243004461262995,0.25,340,2024-09-26 11:19:14.108155,"['32221', '32226', '32236', '32239', '32243', '32246', '32249', '32266', '32287', '32288']"
344,730033,0.35565982970665194,0.1111111111111111,340,2024-09-26 11:19:14.213318,"['32218', '32222', '32223', '32232', '32252', '32269', '32271', '32273', '32280', '32288']"
345,610157,0.38164253057563147,0.0,345,2024-09-26 11:19:14.474341,"['32214', '32229', '32236', '32251', '32261', '32265', '32266', '32281', '32287', '32288']"
346,787285,0.3189724332196664,0.05555555555555555,345,2024-09-26 11:19:14.580905,"['32226', '32229', '32230', '32239', '32249', '32251', '32266', '32269', '32274', '32283']"
347,407152,0.2850522896634158,0.4444444444444444,345,2024-09-26 11:19:14.685054,"['32221', '32225', '32226', '32228', '32243', '32247', '32263', '32266', '32275', '32288']"
348,213635,0.33017980014433745,0.027777777777777776,345,2024-09-26 11:19:14.791348,"['32220', '32225', '32239', '32243', '32263', '32266', '32270', '32275', '32281', '32288']"
349,937659,0.2984096530640131,0.1111111111111111,345,2024-09-26 11:19:14.895573,"['32221', '32225', '32226', '32230', '32239', '32247', '32248', '32251', '32266', '32274']"
350,280124,0.3110388452424652,0.3055555555555556,350,2024-09-26 11:19:15.185551,"['32214', '32236', '32243', '32245', '32249', '32251', '32263', '32266', '32270', '32287']"
351,74581,0.3824652159497711,0.19444444444444445,350,2024-09-26 11:19:15.290482,"['32229', '32248', '32251', '32259', '32264', '32268', '32273', '32281', '32283', '32288']"
352,679096,0.33268424888675024,0.1111111111111111,350,2024-09-26 11:19:15.395553,"['32214', '32218', '32222', '32251', '32263', '32266', '32269', '32281', '32287', '32288']"
353,492573,0.28352036505312295,0.2777777777777778,350,2024-09-26 11:19:15.499385,"['32220', '32221', '32226', '32239', '32249', '32251', '32263', '32266', '32275', '32287']"
354,1226797,0.372318903011614,0.0,350,2024-09-26 11:19:15.603418,"['32221', '32231', '32236', '32239', '32251', '32265', '32266', '32276', '32287', '32288']"
355,758960,0.3585280666249641,0.1111111111111111,355,2024-09-26 11:19:15.865292,"['32218', '32229', '32239', '32243', '32244', '32266', '32277', '32281', '32287', '32288']"
356,1178638,0.2165225433783567,0.3333333333333333,355,2024-09-26 11:19:15.968068,"['32225', '32226', '32231', '32236', '32239', '32243', '32251', '32270', '32287', '32288']"
357,143412,0.3131568544727076,0.0,355,2024-09-26 11:19:16.076802,"['32220', '32225', '32226', '32242', '32245', '32249', '32265', '32270', '32274', '32288']"
358,71688,0.29596775759601573,0.1111111111111111,355,2024-09-26 11:19:16.179147,"['32214', '32220', '32225', '32230', '32236', '32239', '32265', '32275', '32287', '32288']"
359,553407,0.32349289962620664,0.1388888888888889,355,2024-09-26 11:19:16.282183,"['32221', '32226', '32239', '32245', '32246', '32247', '32263', '32265', '32275', '32288']"
360,450891,0.42906761293545664,0.1111111111111111,360,2024-09-26 11:19:16.545076,"['32222', '32226', '32238', '32251', '32263', '32265', '32276', '32281', '32285', '32287']"
361,568965,0.28496279735602015,0.16666666666666666,360,2024-09-26 11:19:16.647819,"['32221', '32226', '32236', '32239', '32243', '32249', '32251', '32265', '32273', '32288']"
362,1568680,0.3293941934296422,0.05555555555555555,360,2024-09-26 11:19:16.750399,"['32226', '32242', '32245', '32249', '32251', '32261', '32265', '32274', '32283', '32286']"
363,538840,0.23282197311624547,0.3055555555555556,360,2024-09-26 11:19:16.852759,"['32225', '32226', '32231', '32243', '32263', '32265', '32270', '32274', '32287', '32288']"
364,638098,0.24851521663807385,0.3055555555555556,360,2024-09-26 11:19:16.955164,"['32218', '32225', '32226', '32243', '32249', '32251', '32261', '32265', '32274', '32287']"
365,482619,0.3012611436446025,0.2222222222222222,365,2024-09-26 11:19:17.216899,"['32220', '32221', '32225', '32226', '32247', '32251', '32263', '32270', '32275', '32287']"
366,278075,0.34973024971316113,0.2777777777777778,365,2024-09-26 11:19:17.321555,"['32220', '32221', '32225', '32226', '32239', '32245', '32247', '32251', '32261', '32263']"
367,1550439,0.22328352583896585,0.2777777777777778,365,2024-09-26 11:19:17.425769,"['32214', '32220', '32222', '32226', '32230', '32231', '32239', '32245', '32251', '32266']"
368,952824,0.4136332593055475,0.1111111111111111,365,2024-09-26 11:19:17.529184,"['32223', '32224', '32251', '32253', '32256', '32265', '32268', '32270', '32276', '32283']"
369,1032962,0.4021063157418534,0.25,365,2024-09-26 11:19:17.634197,"['32221', '32226', '32230', '32247', '32249', '32251', '32266', '32283', '32287', '32288']"
370,847596,0.372654753723825,0.19444444444444445,370,2024-09-26 11:19:17.896217,"['32214', '32220', '32225', '32236', '32239', '32245', '32261', '32266', '32275', '32287']"
371,1556475,0.29488950763616817,0.4166666666666667,370,2024-09-26 11:19:17.999631,"['32240', '32251', '32252', '32256', '32271', '32276', '32277', '32279', '32285', '32287']"
372,491547,0.30059819238918845,0.2777777777777778,370,2024-09-26 11:19:18.106406,"['32221', '32226', '32242', '32248', '32266', '32270', '32273', '32274', '32283', '32287']"
373,343568,0.30132794235034016,0.05555555555555555,370,2024-09-26 11:19:18.211110,"['32221', '32226', '32236', '32249', '32251', '32264', '32266', '32281', '32287', '32288']"
374,1175938,0.38562346177891443,0.19444444444444445,370,2024-09-26 11:19:18.318245,"['32214', '32215', '32219', '32221', '32240', '32246', '32251', '32265', '32281', '32287']"
375,1282168,0.2565000381520891,0.1111111111111111,375,2024-09-26 11:19:18.581994,"['32221', '32225', '32226', '32229', '32230', '32242', '32246', '32251', '32266', '32274']"
376,1455207,0.3255855932934373,0.027777777777777776,375,2024-09-26 11:19:18.685667,"['32225', '32226', '32229', '32247', '32251', '32261', '32265', '32274', '32275', '32283']"
377,587909,0.25435620824596367,0.2222222222222222,375,2024-09-26 11:19:18.790760,"['32221', '32226', '32230', '32239', '32243', '32246', '32251', '32263', '32265', '32270']"
378,1637132,0.3636475869043678,0.1388888888888889,375,2024-09-26 11:19:18.893311,"['32225', '32226', '32231', '32242', '32246', '32249', '32251', '32266', '32274', '32283']"
379,518816,0.27274929310411705,0.16666666666666666,375,2024-09-26 11:19:18.999814,"['32221', '32226', '32236', '32239', '32261', '32263', '32265', '32266', '32281', '32288']"
380,1483384,0.3106484193904179,0.08333333333333333,380,2024-09-26 11:19:19.262651,"['32220', '32221', '32225', '32239', '32249', '32263', '32266', '32275', '32281', '32288']"
381,171404,0.3177888084491382,0.05555555555555555,380,2024-09-26 11:19:19.365664,"['32215', '32229', '32251', '32263', '32266', '32267', '32279', '32281', '32285', '32288']"
382,395455,0.33283387398465464,0.08333333333333333,380,2024-09-26 11:19:19.467759,"['32226', '32239', '32243', '32251', '32266', '32275', '32281', '32283', '32287', '32288']"
383,531824,0.2907437738409833,0.2222222222222222,380,2024-09-26 11:19:19.570664,"['32214', '32221', '32226', '32236', '32239', '32249', '32265', '32281', '32287', '32288']"
384,111224,0.25283238974372624,0.08333333333333333,380,2024-09-26 11:19:19.673311,"['32226', '32229', '32230', '32239', '32247', '32266', '32270', '32275', '32281', '32288']"
385,1165990,0.340680990627106,0.05555555555555555,385,2024-09-26 11:19:19.935579,"['32218', '32222', '32231', '32239', '32249', '32251', '32263', '32266', '32279', '32285']"
386,84846,0.2700600220366483,0.3611111111111111,385,2024-09-26 11:19:20.040626,"['32214', '32221', '32226', '32236', '32239', '32251', '32266', '32281', '32287', '32288']"
387,193890,0.2543801450542183,0.1111111111111111,385,2024-09-26 11:19:20.144893,"['32231', '32239', '32243', '32245', '32246', '32251', '32266', '32270', '32274', '32283']"
388,1435659,0.35231910641118197,0.05555555555555555,385,2024-09-26 11:19:20.249272,"['32218', '32226', '32229', '32239', '32243', '32249', '32251', '32265', '32274', '32288']"
389,1511558,0.36612098569471013,0.16666666666666666,385,2024-09-26 11:19:20.354087,"['32220', '32222', '32229', '32240', '32246', '32251', '32263', '32265', '32281', '32288']"
390,1365386,0.3576986127183834,0.16666666666666666,390,2024-09-26 11:19:20.617509,"['32219', '32226', '32229', '32240', '32251', '32253', '32264', '32273', '32281', '32283']"
391,1127290,0.36469008647257994,0.05555555555555555,390,2024-09-26 11:19:20.719925,"['32218', '32226', '32238', '32239', '32251', '32266', '32273', '32281', '32285', '32287']"
392,1012454,0.3138237831705729,0.2222222222222222,390,2024-09-26 11:19:20.822323,"['32214', '32218', '32221', '32226', '32236', '32251', '32265', '32281', '32285', '32287']"
393,261401,0.38583271133370944,0.027777777777777776,390,2024-09-26 11:19:20.925340,"['32226', '32229', '32239', '32244', '32251', '32265', '32269', '32270', '32277', '32283']"
394,615200,0.3470346589694363,0.1388888888888889,390,2024-09-26 11:19:21.027564,"['32226', '32230', '32236', '32239', '32247', '32249', '32251', '32274', '32275', '32288']"
395,1444925,0.3062071991023188,0.05555555555555555,395,2024-09-26 11:19:21.290041,"['32214', '32226', '32230', '32239', '32243', '32245', '32263', '32265', '32270', '32288']"
396,1386988,0.4054537238563384,0.027777777777777776,395,2024-09-26 11:19:21.394130,"['32225', '32230', '32236', '32242', '32243', '32247', '32261', '32270', '32274', '32283']"
397,402863,0.3759405417081887,0.2222222222222222,395,2024-09-26 11:19:21.501929,"['32215', '32229', '32240', '32243', '32251', '32263', '32276', '32279', '32281', '32285']"
398,963553,0.3554082961441526,0.0,395,2024-09-26 11:19:21.608360,"['32214', '32226', '32236', '32239', '32243', '32265', '32270', '32281', '32287', '32288']"
399,295640,0.30189502587279426,0.0,395,2024-09-26 11:19:21.712082,"['32220', '32225', '32226', '32243', '32245', '32261', '32263', '32266', '32287', '32288']"
400,1013693,0.26636000952639405,0.05555555555555555,400,2024-09-26 11:19:21.972425,"['32214', '32221', '32226', '32236', '32243', '32261', '32263', '32265', '32266', '32275']"
401,936237,0.29082516035818984,0.2222222222222222,400,2024-09-26 11:19:22.076051,"['32214', '32215', '32222', '32226', '32251', '32263', '32265', '32276', '32281', '32287']"
402,1107449,0.3530019269014937,0.3888888888888889,400,2024-09-26 11:19:22.180591,"['32214', '32226', '32229', '32239', '32243', '32244', '32265', '32266', '32270', '32287']"
403,146926,0.3445593867546636,0.08333333333333333,400,2024-09-26 11:19:22.284878,"['32214', '32223', '32243', '32251', '32253', '32265', '32266', '32276', '32277', '32283']"
404,180637,0.27325264530763155,0.1111111111111111,400,2024-09-26 11:19:22.389576,"['32220', '32230', '32236', '32243', '32245', '32263', '32265', '32270', '32274', '32287']"
405,849865,0.23487352330962893,0.3055555555555556,405,2024-09-26 11:19:22.658155,"['32231', '32239', '32242', '32245', '32249', '32251', '32261', '32265', '32266', '32287']"
406,439868,0.2813058332627729,0.5277777777777778,405,2024-09-26 11:19:22.763642,"['32214', '32221', '32222', '32239', '32251', '32261', '32266', '32281', '32287', '32288']"
407,1019500,0.3832263876617551,0.027777777777777776,405,2024-09-26 11:19:22.866535,"['32220', '32221', '32225', '32226', '32236', '32239', '32243', '32245', '32263', '32266']"
408,1295503,0.32757336519097074,0.25,405,2024-09-26 11:19:22.972206,"['32215', '32220', '32221', '32251', '32263', '32264', '32266', '32271', '32279', '32285']"
409,592950,0.3505734809977908,0.1111111111111111,405,2024-09-26 11:19:23.076279,"['32221', '32226', '32229', '32230', '32242', '32251', '32266', '32275', '32283', '32287']"
410,71178,0.30000153038126526,0.3888888888888889,410,2024-09-26 11:19:23.339212,"['32221', '32226', '32229', '32230', '32231', '32239', '32243', '32251', '32273', '32275']"
411,759093,0.276060913528076,0.4166666666666667,410,2024-09-26 11:19:23.443034,"['32226', '32239', '32245', '32246', '32261', '32263', '32266', '32281', '32287', '32288']"
412,1659378,0.35811702068862117,0.08333333333333333,410,2024-09-26 11:19:23.547371,"['32215', '32221', '32226', '32244', '32263', '32264', '32266', '32281', '32287', '32288']"
413,1409181,0.349795006737578,0.1111111111111111,410,2024-09-26 11:19:23.651027,"['32226', '32243', '32251', '32253', '32266', '32275', '32277', '32279', '32285', '32288']"
414,1639611,0.27230315130137994,0.0,410,2024-09-26 11:19:23.753590,"['32226', '32234', '32236', '32242', '32246', '32266', '32270', '32274', '32283', '32288']"
415,861203,0.2466727084615536,0.1388888888888889,415,2024-09-26 11:19:24.024169,"['32220', '32225', '32231', '32239', '32243', '32263', '32266', '32270', '32274', '32285']"
416,1016237,0.3479899287225904,0.027777777777777776,415,2024-09-26 11:19:24.130666,"['32215', '32229', '32240', '32251', '32253', '32263', '32269', '32279', '32281', '32285']"
417,1432307,0.35170223025049435,0.0,415,2024-09-26 11:19:24.239685,"['32225', '32230', '32236', '32242', '32245', '32261', '32266', '32274', '32283', '32285']"
418,1615201,0.34055852407458254,0.027777777777777776,415,2024-09-26 11:19:24.345338,"['32214', '32222', '32225', '32226', '32261', '32263', '32266', '32275', '32285', '32288']"
419,1112785,0.33919408998923944,0.25,415,2024-09-26 11:19:24.449373,"['32221', '32226', '32230', '32236', '32239', '32249', '32266', '32273', '32283', '32285']"
420,808969,0.29175317698735376,0.19444444444444445,420,2024-09-26 11:19:24.709318,"['32226', '32231', '32239', '32243', '32249', '32261', '32265', '32269', '32275', '32287']"
421,1612082,0.3657132896969557,0.2222222222222222,420,2024-09-26 11:19:24.813185,"['32221', '32226', '32230', '32231', '32239', '32247', '32261', '32270', '32274', '32287']"
422,1038309,0.29732240487662726,0.4444444444444444,420,2024-09-26 11:19:24.921840,"['32214', '32215', '32229', '32252', '32256', '32264', '32265', '32273', '32281', '32287']"
423,156655,0.43043392929706736,0.027777777777777776,420,2024-09-26 11:19:25.036948,"['32214', '32219', '32256', '32261', '32265', '32271', '32276', '32280', '32285', '32287']"
424,670770,0.3476583130029296,0.19444444444444445,420,2024-09-26 11:19:25.149010,"['32214', '32222', '32226', '32245', '32251', '32261', '32265', '32276', '32287', '32288']"
425,174664,0.38382327418781365,0.05555555555555555,425,2024-09-26 11:19:25.436444,"['32226', '32238', '32239', '32265', '32270', '32275', '32276', '32281', '32287', '32288']"
426,1389360,0.33464736464485206,0.19444444444444445,425,2024-09-26 11:19:25.546490,"['32214', '32220', '32221', '32226', '32251', '32264', '32266', '32276', '32281', '32288']"
427,164988,0.3087665225506579,0.1111111111111111,425,2024-09-26 11:19:25.654689,"['32220', '32225', '32226', '32236', '32239', '32243', '32247', '32266', '32274', '32275']"
428,544682,0.3019381044153613,0.1111111111111111,425,2024-09-26 11:19:25.759410,"['32214', '32220', '32221', '32225', '32226', '32239', '32247', '32251', '32263', '32265']"
429,1174918,0.3320471572021445,0.2777777777777778,425,2024-09-26 11:19:25.865470,"['32214', '32225', '32226', '32239', '32245', '32249', '32251', '32261', '32266', '32288']"
430,1589174,0.399284351919046,0.1111111111111111,430,2024-09-26 11:19:26.135626,"['32221', '32230', '32236', '32239', '32245', '32247', '32263', '32266', '32274', '32288']"
431,503759,0.36002478075445565,0.1111111111111111,430,2024-09-26 11:19:26.242793,"['32218', '32219', '32222', '32239', '32244', '32266', '32279', '32281', '32287', '32288']"
432,1165285,0.354574517220373,0.1388888888888889,430,2024-09-26 11:19:26.349252,"['32215', '32218', '32221', '32226', '32236', '32239', '32265', '32279', '32281', '32288']"
433,1255611,0.3415035169963431,0.1111111111111111,430,2024-09-26 11:19:26.454599,"['32214', '32220', '32225', '32226', '32230', '32236', '32239', '32245', '32266', '32274']"
434,1240453,0.29145740707857787,0.0,430,2024-09-26 11:19:26.562012,"['32214', '32220', '32225', '32226', '32230', '32239', '32245', '32265', '32279', '32287']"
435,346213,0.3248405373318937,0.05555555555555555,435,2024-09-26 11:19:26.832377,"['32221', '32236', '32239', '32247', '32249', '32251', '32265', '32281', '32287', '32288']"
436,1460868,0.4191412832547737,0.05555555555555555,435,2024-09-26 11:19:26.941663,"['32214', '32219', '32221', '32239', '32240', '32251', '32265', '32285', '32287', '32288']"
437,20702,0.3506984064674163,0.19444444444444445,435,2024-09-26 11:19:27.054470,"['32223', '32236', '32242', '32251', '32264', '32265', '32273', '32276', '32287', '32288']"
438,1182894,0.34094001440569566,0.25,435,2024-09-26 11:19:27.165814,"['32215', '32221', '32229', '32251', '32253', '32263', '32265', '32281', '32287', '32288']"
439,723061,0.3426457175349596,0.08333333333333333,435,2024-09-26 11:19:27.302721,"['32220', '32225', '32236', '32239', '32243', '32245', '32263', '32265', '32275', '32281']"
440,11386,0.3761954332091432,0.2777777777777778,440,2024-09-26 11:19:27.578675,"['32221', '32226', '32236', '32239', '32243', '32251', '32266', '32281', '32287', '32288']"
441,513538,0.3019315658089743,0.3888888888888889,440,2024-09-26 11:19:27.693388,"['32214', '32221', '32239', '32251', '32263', '32264', '32265', '32281', '32287', '32288']"
442,1130304,0.30624742970732993,0.3611111111111111,440,2024-09-26 11:19:27.801641,"['32220', '32226', '32230', '32243', '32246', '32263', '32265', '32270', '32274', '32281']"
443,129121,0.36966304881361506,0.3611111111111111,440,2024-09-26 11:19:27.909066,"['32221', '32226', '32229', '32236', '32239', '32243', '32249', '32251', '32279', '32281']"
444,1150229,0.3783031450620454,0.027777777777777776,440,2024-09-26 11:19:28.021439,"['32229', '32238', '32265', '32269', '32273', '32279', '32281', '32283', '32287', '32288']"
445,899251,0.3358650071566259,0.3333333333333333,445,2024-09-26 11:19:28.289810,"['32218', '32223', '32224', '32239', '32251', '32269', '32270', '32279', '32283', '32288']"
446,1139704,0.31266185829718696,0.1111111111111111,445,2024-09-26 11:19:28.397650,"['32226', '32236', '32242', '32251', '32261', '32274', '32275', '32283', '32286', '32288']"
447,275035,0.3288894716527043,0.19444444444444445,445,2024-09-26 11:19:28.506451,"['32219', '32224', '32244', '32251', '32264', '32269', '32277', '32281', '32283', '32288']"
448,739189,0.32415495259883276,0.027777777777777776,445,2024-09-26 11:19:28.617375,"['32221', '32226', '32230', '32236', '32239', '32245', '32269', '32270', '32275', '32288']"
449,168312,0.3052397860695948,0.16666666666666666,445,2024-09-26 11:19:28.727227,"['32221', '32226', '32231', '32236', '32249', '32251', '32265', '32281', '32287', '32288']"
450,524642,0.3771285206991026,0.1111111111111111,450,2024-09-26 11:19:28.999369,"['32219', '32222', '32229', '32238', '32263', '32265', '32269', '32276', '32285', '32288']"
451,456810,0.28045024600063556,0.027777777777777776,450,2024-09-26 11:19:29.105956,"['32221', '32225', '32231', '32243', '32265', '32266', '32270', '32274', '32283', '32288']"
452,1007758,0.35118949761806656,0.05555555555555555,450,2024-09-26 11:19:29.216613,"['32236', '32247', '32251', '32263', '32264', '32265', '32279', '32285', '32287', '32288']"
453,1104375,0.36435485008244645,0.2777777777777778,450,2024-09-26 11:19:29.326299,"['32214', '32221', '32226', '32239', '32251', '32264', '32265', '32281', '32287', '32288']"
454,145110,0.31538367091419334,0.0,450,2024-09-26 11:19:29.434600,"['32214', '32220', '32225', '32239', '32245', '32261', '32263', '32265', '32287', '32288']"
455,768019,0.38728569934685797,0.0,455,2024-09-26 11:19:29.704006,"['32221', '32226', '32229', '32231', '32236', '32239', '32263', '32270', '32281', '32288']"
456,803667,0.28366744130512894,0.08333333333333333,455,2024-09-26 11:19:29.814234,"['32221', '32225', '32226', '32230', '32243', '32266', '32270', '32275', '32281', '32283']"
457,732097,0.2430255709699749,0.4166666666666667,455,2024-09-26 11:19:29.922554,"['32221', '32226', '32243', '32245', '32246', '32263', '32266', '32270', '32275', '32281']"
458,876881,0.36642624730610024,0.3333333333333333,455,2024-09-26 11:19:30.030698,"['32221', '32226', '32236', '32243', '32247', '32263', '32265', '32270', '32274', '32281']"
459,452357,0.34788948233212275,0.1388888888888889,455,2024-09-26 11:19:30.136668,"['32221', '32229', '32236', '32251', '32266', '32269', '32281', '32283', '32287', '32288']"
460,1335453,0.3326722697109902,0.0,460,2024-09-26 11:19:30.402759,"['32221', '32226', '32230', '32236', '32243', '32270', '32274', '32275', '32283', '32287']"
461,712645,0.33342889270573156,0.4166666666666667,460,2024-09-26 11:19:30.509740,"['32221', '32225', '32230', '32243', '32265', '32270', '32274', '32279', '32287', '32288']"
462,1238502,0.2586214429048526,0.027777777777777776,460,2024-09-26 11:19:30.616370,"['32230', '32234', '32242', '32246', '32261', '32270', '32274', '32283', '32286', '32287']"
463,1344876,0.2864438727052556,0.0,460,2024-09-26 11:19:30.725239,"['32221', '32226', '32230', '32236', '32239', '32249', '32270', '32281', '32287', '32288']"
464,113040,0.3998726260278366,0.05555555555555555,460,2024-09-26 11:19:30.833941,"['32214', '32221', '32226', '32239', '32243', '32265', '32274', '32283', '32287', '32288']"
465,169830,0.2854960186470696,0.6111111111111112,465,2024-09-26 11:19:31.099671,"['32215', '32218', '32224', '32226', '32238', '32251', '32253', '32266', '32277', '32279']"
466,1617489,0.42975463599193015,0.08333333333333333,465,2024-09-26 11:19:31.206249,"['32214', '32215', '32222', '32226', '32229', '32239', '32240', '32264', '32266', '32279']"
467,408797,0.2915605307577586,0.027777777777777776,465,2024-09-26 11:19:31.318089,"['32220', '32225', '32226', '32243', '32247', '32263', '32265', '32270', '32275', '32281']"
468,1639295,0.2917240616157048,0.0,465,2024-09-26 11:19:31.427136,"['32214', '32220', '32225', '32226', '32243', '32247', '32263', '32265', '32270', '32281']"
469,1002025,0.3314119183980069,0.3611111111111111,465,2024-09-26 11:19:31.536146,"['32220', '32221', '32226', '32230', '32245', '32246', '32247', '32264', '32266', '32281']"
470,1066290,0.3238931156465533,0.25,470,2024-09-26 11:19:31.807894,"['32219', '32222', '32238', '32251', '32264', '32265', '32267', '32281', '32285', '32288']"
471,226832,0.3039833262817088,0.0,470,2024-09-26 11:19:31.915487,"['32225', '32243', '32245', '32247', '32249', '32265', '32269', '32270', '32274', '32275']"
472,1601880,0.24811116536538794,0.16666666666666666,470,2024-09-26 11:19:32.022089,"['32218', '32221', '32226', '32249', '32251', '32263', '32265', '32281', '32287', '32288']"
473,452518,0.3410390219967544,0.3055555555555556,470,2024-09-26 11:19:32.128162,"['32218', '32244', '32251', '32263', '32265', '32266', '32281', '32285', '32287', '32288']"
474,376340,0.297154631054197,0.05555555555555555,470,2024-09-26 11:19:32.234552,"['32214', '32220', '32226', '32245', '32249', '32251', '32263', '32265', '32281', '32287']"
475,937335,0.3756560359193583,0.2222222222222222,475,2024-09-26 11:19:32.508240,"['32214', '32219', '32226', '32236', '32246', '32249', '32251', '32266', '32281', '32287']"
476,983118,0.32549449469325886,0.3055555555555556,475,2024-09-26 11:19:32.618349,"['32226', '32229', '32236', '32239', '32243', '32251', '32269', '32270', '32281', '32287']"
477,197133,0.29067976914002636,0.08333333333333333,475,2024-09-26 11:19:32.728985,"['32225', '32226', '32236', '32239', '32243', '32251', '32261', '32269', '32275', '32287']"
478,1418511,0.30846210447900674,0.2777777777777778,475,2024-09-26 11:19:32.838995,"['32214', '32218', '32229', '32251', '32263', '32267', '32269', '32279', '32285', '32287']"
479,268771,0.39946716662336373,0.05555555555555555,475,2024-09-26 11:19:32.947182,"['32226', '32229', '32236', '32244', '32251', '32264', '32277', '32281', '32285', '32287']"
480,832166,0.38297828597617406,0.027777777777777776,480,2024-09-26 11:19:33.212924,"['32226', '32229', '32239', '32264', '32266', '32275', '32276', '32277', '32281', '32288']"
481,487312,0.27265618211229353,0.05555555555555555,480,2024-09-26 11:19:33.321385,"['32221', '32225', '32226', '32236', '32239', '32243', '32249', '32263', '32265', '32281']"
482,1655198,0.272248317424477,0.1111111111111111,480,2024-09-26 11:19:33.428396,"['32226', '32236', '32239', '32246', '32263', '32270', '32274', '32275', '32283', '32288']"
483,293979,0.3097248571672039,0.16666666666666666,480,2024-09-26 11:19:33.534440,"['32221', '32226', '32230', '32236', '32239', '32243', '32245', '32265', '32266', '32288']"
484,657863,0.346768211859938,0.19444444444444445,480,2024-09-26 11:19:33.639769,"['32218', '32226', '32238', '32251', '32264', '32265', '32279', '32281', '32283', '32288']"
485,1133553,0.33235872270581135,0.3888888888888889,485,2024-09-26 11:19:33.910231,"['32218', '32222', '32226', '32239', '32240', '32265', '32276', '32281', '32287', '32288']"
486,880581,0.3758680717259762,0.05555555555555555,485,2024-09-26 11:19:34.018505,"['32229', '32236', '32239', '32266', '32269', '32270', '32275', '32281', '32287', '32288']"
487,875478,0.32089641558567283,0.19444444444444445,485,2024-09-26 11:19:34.127981,"['32214', '32218', '32219', '32220', '32222', '32226', '32238', '32243', '32287', '32288']"
488,72919,0.2851801489620918,0.0,485,2024-09-26 11:19:34.237700,"['32221', '32225', '32239', '32242', '32248', '32261', '32270', '32274', '32283', '32288']"
489,556589,0.31165152802144436,0.3333333333333333,485,2024-09-26 11:19:34.347159,"['32214', '32220', '32226', '32236', '32239', '32247', '32263', '32265', '32281', '32288']"
490,895469,0.3660613955952317,0.0,490,2024-09-26 11:19:34.611990,"['32220', '32221', '32226', '32230', '32245', '32263', '32266', '32281', '32287', '32288']"
491,570337,0.3138646470917039,0.2777777777777778,490,2024-09-26 11:19:34.720161,"['32221', '32226', '32236', '32246', '32263', '32266', '32281', '32285', '32287', '32288']"
492,1330831,0.3465254215846473,0.2222222222222222,490,2024-09-26 11:19:34.826811,"['32221', '32226', '32236', '32239', '32243', '32247', '32249', '32281', '32287', '32288']"
493,385369,0.32379656246997945,0.25,490,2024-09-26 11:19:34.933598,"['32218', '32221', '32244', '32263', '32266', '32269', '32281', '32285', '32287', '32288']"
494,1479433,0.308601169790331,0.05555555555555555,490,2024-09-26 11:19:35.041177,"['32226', '32242', '32245', '32248', '32270', '32274', '32275', '32283', '32286', '32288']"
495,1080810,0.358158017989949,0.1388888888888889,495,2024-09-26 11:19:35.308343,"['32214', '32221', '32226', '32231', '32236', '32239', '32243', '32251', '32266', '32288']"
496,1508412,0.35299871984264275,0.2777777777777778,495,2024-09-26 11:19:35.418619,"['32214', '32220', '32222', '32251', '32261', '32263', '32281', '32285', '32287', '32288']"
497,804298,0.3156839354587144,0.1111111111111111,495,2024-09-26 11:19:35.525639,"['32221', '32226', '32236', '32243', '32251', '32265', '32281', '32283', '32287', '32288']"
498,913751,0.37971920032905687,0.1388888888888889,495,2024-09-26 11:19:35.632912,"['32219', '32238', '32240', '32248', '32266', '32273', '32277', '32281', '32283', '32288']"
499,925056,0.3117979046559995,0.16666666666666666,495,2024-09-26 11:19:35.740606,"['32225', '32226', '32230', '32231', '32243', '32249', '32261', '32265', '32283', '32288']"
500,1601675,0.26261697242534604,0.1111111111111111,500,2024-09-26 11:19:36.010712,"['32214', '32220', '32225', '32242', '32243', '32247', '32265', '32266', '32274', '32281']"
501,432662,0.27275262320647653,0.08333333333333333,500,2024-09-26 11:19:36.117902,"['32214', '32220', '32225', '32226', '32234', '32249', '32263', '32266', '32270', '32281']"
502,387081,0.36476767703556023,0.08333333333333333,500,2024-09-26 11:19:36.224183,"['32215', '32218', '32219', '32240', '32246', '32251', '32266', '32271', '32279', '32281']"
503,969239,0.22900773784695888,0.19444444444444445,500,2024-09-26 11:19:36.330686,"['32225', '32226', '32242', '32249', '32263', '32265', '32266', '32274', '32275', '32281']"
504,1625577,0.3966410231554985,0.08333333333333333,500,2024-09-26 11:19:36.437235,"['32215', '32221', '32231', '32239', '32245', '32261', '32266', '32281', '32287', '32288']"
505,163144,0.33354552736819887,0.4166666666666667,505,2024-09-26 11:19:36.745946,"['32221', '32251', '32263', '32265', '32266', '32270', '32281', '32283', '32287', '32288']"
506,884223,0.32342215584203543,0.2777777777777778,505,2024-09-26 11:19:36.854780,"['32221', '32222', '32236', '32238', '32246', '32247', '32263', '32265', '32281', '32287']"
507,336801,0.36923086527168225,0.16666666666666666,505,2024-09-26 11:19:36.962336,"['32226', '32231', '32236', '32251', '32263', '32265', '32266', '32281', '32287', '32288']"
508,1582510,0.3017660775055796,0.027777777777777776,505,2024-09-26 11:19:37.070083,"['32229', '32236', '32242', '32247', '32261', '32265', '32274', '32283', '32286', '32288']"
509,1020855,0.3268706226156195,0.1388888888888889,505,2024-09-26 11:19:37.178542,"['32225', '32231', '32236', '32251', '32265', '32270', '32274', '32275', '32276', '32281']"
510,231684,0.3094506577386676,0.16666666666666666,510,2024-09-26 11:19:37.444633,"['32229', '32239', '32251', '32265', '32270', '32273', '32275', '32281', '32287', '32288']"
511,819452,0.4115183150837581,0.19444444444444445,510,2024-09-26 11:19:37.550792,"['32218', '32236', '32239', '32251', '32265', '32273', '32275', '32281', '32283', '32288']"
512,1259074,0.2780999844600922,0.3888888888888889,510,2024-09-26 11:19:37.656753,"['32214', '32218', '32220', '32231', '32236', '32263', '32265', '32281', '32287', '32288']"
513,374999,0.2634300569859229,0.05555555555555555,510,2024-09-26 11:19:37.764842,"['32225', '32234', '32236', '32239', '32242', '32247', '32261', '32265', '32283', '32288']"
514,953575,0.28807708858052805,0.4722222222222222,510,2024-09-26 11:19:37.871430,"['32215', '32218', '32236', '32244', '32251', '32263', '32265', '32281', '32287', '32288']"
515,723847,0.26380515920021086,0.4722222222222222,515,2024-09-26 11:19:38.143004,"['32229', '32239', '32240', '32244', '32253', '32263', '32267', '32269', '32276', '32279']"
516,1560554,0.35102963494661266,0.027777777777777776,515,2024-09-26 11:19:38.253165,"['32214', '32221', '32226', '32239', '32243', '32265', '32266', '32281', '32287', '32288']"
517,218963,0.3393397006960845,0.0,515,2024-09-26 11:19:38.361846,"['32221', '32225', '32236', '32239', '32242', '32245', '32261', '32270', '32274', '32283']"
518,1222295,0.34824142638450856,0.2777777777777778,515,2024-09-26 11:19:38.468704,"['32221', '32226', '32239', '32243', '32251', '32269', '32276', '32281', '32287', '32288']"
519,609926,0.3217264836889024,0.1111111111111111,515,2024-09-26 11:19:38.575894,"['32219', '32229', '32238', '32239', '32251', '32253', '32263', '32276', '32279', '32285']"
520,1300388,0.36825476456461465,0.1388888888888889,520,2024-09-26 11:19:38.841348,"['32221', '32226', '32236', '32239', '32243', '32251', '32270', '32283', '32287', '32288']"
521,1594963,0.3729372601317051,0.19444444444444445,520,2024-09-26 11:19:38.947207,"['32215', '32229', '32239', '32240', '32251', '32264', '32265', '32277', '32280', '32283']"
522,899173,0.4697237551134839,0.05555555555555555,520,2024-09-26 11:19:39.053951,"['32218', '32221', '32231', '32239', '32261', '32263', '32266', '32275', '32276', '32281']"
523,1594172,0.36261208813663903,0.16666666666666666,520,2024-09-26 11:19:39.159838,"['32220', '32221', '32225', '32226', '32236', '32239', '32245', '32247', '32251', '32266']"
524,262891,0.34753250733554386,0.16666666666666666,520,2024-09-26 11:19:39.266770,"['32219', '32239', '32240', '32251', '32264', '32266', '32276', '32277', '32280', '32283']"
525,776416,0.3649877922720842,0.4166666666666667,525,2024-09-26 11:19:39.533169,"['32226', '32229', '32239', '32243', '32251', '32253', '32265', '32283', '32287', '32288']"
526,547514,0.31194436220357874,0.1388888888888889,525,2024-09-26 11:19:39.640396,"['32221', '32236', '32249', '32261', '32263', '32264', '32265', '32281', '32287', '32288']"
527,1131381,0.3921365128759392,0.1111111111111111,525,2024-09-26 11:19:39.748135,"['32229', '32239', '32243', '32251', '32253', '32265', '32266', '32269', '32283', '32287']"
528,1061981,0.27193279051109104,0.027777777777777776,525,2024-09-26 11:19:39.856036,"['32220', '32231', '32234', '32242', '32261', '32270', '32274', '32283', '32286', '32287']"
529,1348770,0.3160715735825388,0.4722222222222222,525,2024-09-26 11:19:39.965566,"['32226', '32229', '32230', '32245', '32247', '32265', '32269', '32274', '32283', '32287']"
530,1585168,0.4138280030617798,0.0,530,2024-09-26 11:19:40.231644,"['32215', '32239', '32243', '32251', '32263', '32264', '32265', '32281', '32287', '32288']"
531,1114941,0.30537327194726666,0.2222222222222222,530,2024-09-26 11:19:40.338932,"['32214', '32218', '32229', '32239', '32244', '32251', '32264', '32279', '32283', '32285']"
532,645734,0.392800529078704,0.05555555555555555,530,2024-09-26 11:19:40.450570,"['32215', '32219', '32226', '32236', '32239', '32251', '32263', '32266', '32287', '32288']"
533,807555,0.40893088614348844,0.16666666666666666,530,2024-09-26 11:19:40.558735,"['32226', '32239', '32243', '32251', '32266', '32269', '32270', '32273', '32275', '32283']"
534,1144208,0.3641507783488697,0.2222222222222222,530,2024-09-26 11:19:40.665415,"['32225', '32226', '32231', '32236', '32239', '32245', '32248', '32261', '32265', '32288']"
535,1053900,0.2642439200108692,0.1388888888888889,535,2024-09-26 11:19:40.943110,"['32220', '32221', '32225', '32228', '32231', '32263', '32265', '32275', '32286', '32288']"
536,426941,0.3984107313908004,0.027777777777777776,535,2024-09-26 11:19:41.050495,"['32219', '32222', '32229', '32236', '32251', '32263', '32264', '32265', '32279', '32288']"
537,193926,0.3070577664866735,0.4166666666666667,535,2024-09-26 11:19:41.158639,"['32229', '32243', '32251', '32264', '32265', '32270', '32281', '32285', '32287', '32288']"
538,1262611,0.394667716152563,0.0,535,2024-09-26 11:19:41.270307,"['32223', '32239', '32243', '32248', '32251', '32264', '32265', '32270', '32279', '32283']"
539,67525,0.29257785753788684,0.05555555555555555,535,2024-09-26 11:19:41.379053,"['32226', '32229', '32231', '32239', '32243', '32245', '32247', '32249', '32265', '32287']"
540,977603,0.3536937894681287,0.0,540,2024-09-26 11:19:41.650034,"['32220', '32225', '32239', '32243', '32245', '32263', '32265', '32270', '32275', '32281']"
541,1516036,0.26629518463655605,0.19444444444444445,540,2024-09-26 11:19:41.760686,"['32221', '32226', '32236', '32243', '32245', '32251', '32265', '32270', '32274', '32283']"
542,1120574,0.27439617015914297,0.1388888888888889,540,2024-09-26 11:19:41.868308,"['32219', '32226', '32239', '32251', '32261', '32265', '32270', '32274', '32275', '32281']"
543,627761,0.3410659097288277,0.0,540,2024-09-26 11:19:41.977649,"['32221', '32225', '32226', '32239', '32247', '32261', '32265', '32275', '32283', '32288']"
544,1270043,0.29861990349143175,0.0,540,2024-09-26 11:19:42.085564,"['32221', '32226', '32236', '32239', '32251', '32265', '32266', '32270', '32275', '32281']"
545,415079,0.26663036970632054,0.25,545,2024-09-26 11:19:42.359783,"['32225', '32226', '32239', '32243', '32246', '32247', '32249', '32274', '32283', '32288']"
546,1442185,0.2674388400321048,0.3888888888888889,545,2024-09-26 11:19:42.469648,"['32214', '32220', '32226', '32230', '32236', '32239', '32245', '32263', '32266', '32288']"
547,314323,0.32768543449694465,0.0,545,2024-09-26 11:19:42.577334,"['32225', '32226', '32242', '32247', '32248', '32249', '32270', '32274', '32283', '32288']"
548,1116797,0.36239087370287676,0.1111111111111111,545,2024-09-26 11:19:42.685724,"['32218', '32226', '32256', '32267', '32269', '32271', '32273', '32280', '32287', '32288']"
549,28052,0.4257891398744424,0.1388888888888889,545,2024-09-26 11:19:42.793494,"['32226', '32236', '32264', '32266', '32279', '32281', '32283', '32285', '32287', '32288']"
550,1328587,0.38999126183114924,0.19444444444444445,550,2024-09-26 11:19:43.060855,"['32215', '32226', '32238', '32239', '32253', '32256', '32265', '32269', '32281', '32285']"
551,87082,0.3377726272262473,0.1388888888888889,550,2024-09-26 11:19:43.171586,"['32220', '32229', '32238', '32239', '32240', '32251', '32253', '32263', '32279', '32285']"
552,12824,0.28336700453987873,0.16666666666666666,550,2024-09-26 11:19:43.279952,"['32226', '32236', '32239', '32243', '32249', '32251', '32261', '32276', '32281', '32287']"
553,857219,0.2550644377607922,0.0,550,2024-09-26 11:19:43.388184,"['32234', '32239', '32242', '32246', '32262', '32274', '32275', '32283', '32286', '32288']"
554,358308,0.2946088703590724,0.19444444444444445,550,2024-09-26 11:19:43.495758,"['32220', '32225', '32239', '32243', '32246', '32249', '32263', '32270', '32274', '32288']"
555,353009,0.3682264862603523,0.3611111111111111,555,2024-09-26 11:19:43.762988,"['32219', '32223', '32224', '32236', '32239', '32248', '32253', '32266', '32273', '32283']"
556,1543530,0.3327032850861796,0.0,555,2024-09-26 11:19:43.870874,"['32220', '32226', '32236', '32239', '32243', '32245', '32247', '32265', '32270', '32275']"
557,446877,0.2296189584592245,0.5277777777777778,555,2024-09-26 11:19:43.978132,"['32214', '32218', '32221', '32226', '32236', '32239', '32251', '32265', '32281', '32287']"
558,1478447,0.34005135564767336,0.1388888888888889,555,2024-09-26 11:19:44.085640,"['32226', '32236', '32246', '32247', '32249', '32269', '32270', '32281', '32287', '32288']"
559,1343143,0.3377947207652923,0.08333333333333333,555,2024-09-26 11:19:44.193898,"['32226', '32230', '32231', '32236', '32243', '32245', '32246', '32247', '32263', '32265']"
560,520792,0.22965692062854634,0.2222222222222222,560,2024-09-26 11:19:44.461104,"['32225', '32230', '32236', '32243', '32251', '32263', '32266', '32270', '32274', '32287']"
561,398557,0.24094658036048233,0.25,560,2024-09-26 11:19:44.568325,"['32221', '32225', '32226', '32230', '32236', '32243', '32265', '32270', '32287', '32288']"
562,618021,0.29336873001249336,0.2777777777777778,560,2024-09-26 11:19:44.676792,"['32221', '32226', '32230', '32236', '32239', '32247', '32251', '32269', '32287', '32288']"
563,1401001,0.3477596376498614,0.1388888888888889,560,2024-09-26 11:19:44.784269,"['32214', '32218', '32229', '32239', '32251', '32253', '32265', '32271', '32280', '32287']"
564,227550,0.31226058257635664,0.05555555555555555,560,2024-09-26 11:19:44.892166,"['32215', '32226', '32229', '32236', '32239', '32251', '32261', '32263', '32266', '32287']"
565,1384028,0.36705958648495635,0.0,565,2024-09-26 11:19:45.159961,"['32220', '32222', '32229', '32236', '32251', '32263', '32264', '32265', '32279', '32285']"
566,1274911,0.3259423423666772,0.1388888888888889,565,2024-09-26 11:19:45.267669,"['32220', '32225', '32226', '32243', '32249', '32263', '32265', '32270', '32275', '32281']"
567,183112,0.25396859690208345,0.1111111111111111,565,2024-09-26 11:19:45.375443,"['32220', '32242', '32245', '32249', '32263', '32265', '32266', '32270', '32274', '32281']"
568,837534,0.3579692565856714,0.1388888888888889,565,2024-09-26 11:19:45.482923,"['32221', '32236', '32239', '32251', '32263', '32265', '32276', '32281', '32287', '32288']"
569,367551,0.2679252921843944,0.1111111111111111,565,2024-09-26 11:19:45.590315,"['32214', '32225', '32228', '32236', '32239', '32243', '32246', '32263', '32265', '32275']"
570,1454187,0.24191283012485423,0.4444444444444444,570,2024-09-26 11:19:45.857413,"['32214', '32226', '32230', '32239', '32247', '32249', '32251', '32265', '32270', '32288']"
571,1416852,0.3265760656108052,0.2222222222222222,570,2024-09-26 11:19:45.964384,"['32223', '32248', '32251', '32255', '32260', '32264', '32268', '32276', '32277', '32280']"
572,975521,0.2697797508539571,0.19444444444444445,570,2024-09-26 11:19:46.071889,"['32220', '32225', '32226', '32243', '32245', '32247', '32251', '32265', '32275', '32288']"
573,414076,0.32914362624601434,0.0,570,2024-09-26 11:19:46.178267,"['32220', '32225', '32226', '32243', '32246', '32249', '32251', '32265', '32270', '32274']"
574,1408574,0.28486950497397956,0.5833333333333334,570,2024-09-26 11:19:46.285691,"['32226', '32229', '32236', '32249', '32251', '32264', '32270', '32274', '32275', '32288']"
575,784941,0.30022852746047024,0.4722222222222222,575,2024-09-26 11:19:46.561175,"['32231', '32236', '32238', '32243', '32251', '32265', '32269', '32270', '32285', '32288']"
576,914182,0.3578466910962179,0.2777777777777778,575,2024-09-26 11:19:46.669492,"['32214', '32218', '32230', '32236', '32239', '32263', '32265', '32281', '32287', '32288']"
577,967815,0.33466972596985983,0.08333333333333333,575,2024-09-26 11:19:46.776953,"['32221', '32238', '32240', '32251', '32263', '32265', '32276', '32279', '32285', '32287']"
578,1347816,0.29466057369853543,0.5,575,2024-09-26 11:19:46.886480,"['32215', '32252', '32256', '32263', '32265', '32267', '32271', '32279', '32285', '32287']"
579,1416467,0.26795105314019224,0.1111111111111111,575,2024-09-26 11:19:46.993528,"['32214', '32220', '32225', '32242', '32243', '32261', '32263', '32265', '32274', '32287']"
580,418059,0.28972490842588866,0.4166666666666667,580,2024-09-26 11:19:47.265474,"['32226', '32236', '32239', '32245', '32246', '32249', '32270', '32281', '32287', '32288']"
581,1138175,0.28145235163953025,0.05555555555555555,580,2024-09-26 11:19:47.373085,"['32225', '32226', '32229', '32236', '32239', '32243', '32245', '32251', '32273', '32283']"
582,789245,0.31857634932031126,0.1388888888888889,580,2024-09-26 11:19:47.479880,"['32215', '32218', '32232', '32239', '32254', '32256', '32260', '32266', '32280', '32285']"
583,723628,0.3216523408038806,0.2222222222222222,580,2024-09-26 11:19:47.585183,"['32218', '32224', '32227', '32232', '32239', '32240', '32252', '32253', '32256', '32265']"
584,105251,0.35842934714613234,0.2777777777777778,580,2024-09-26 11:19:47.702873,"['32218', '32223', '32224', '32229', '32239', '32240', '32253', '32256', '32266', '32280']"
585,1375437,0.34577593608270407,0.1388888888888889,585,2024-09-26 11:19:48.004513,"['32214', '32240', '32243', '32251', '32253', '32264', '32269', '32279', '32281', '32287']"
586,592707,0.2826763871378791,0.3888888888888889,585,2024-09-26 11:19:48.111228,"['32226', '32231', '32242', '32243', '32245', '32247', '32251', '32266', '32281', '32288']"
587,1539236,0.3784233441579178,0.3055555555555556,585,2024-09-26 11:19:48.217196,"['32222', '32240', '32243', '32251', '32264', '32266', '32271', '32279', '32281', '32285']"
588,1592939,0.3450950606751842,0.1111111111111111,585,2024-09-26 11:19:48.324216,"['32214', '32218', '32226', '32236', '32239', '32251', '32264', '32269', '32281', '32287']"
589,1422918,0.27263628059111494,0.05555555555555555,585,2024-09-26 11:19:48.430331,"['32221', '32239', '32242', '32243', '32247', '32251', '32274', '32275', '32283', '32288']"
590,1368140,0.26584646180595745,0.2777777777777778,590,2024-09-26 11:19:48.699780,"['32220', '32225', '32226', '32230', '32236', '32243', '32263', '32265', '32275', '32288']"
591,988886,0.2613247844470772,0.027777777777777776,590,2024-09-26 11:19:48.812322,"['32221', '32225', '32236', '32242', '32243', '32261', '32265', '32275', '32281', '32288']"
592,550791,0.3501212696624424,0.1111111111111111,590,2024-09-26 11:19:48.924528,"['32220', '32221', '32230', '32239', '32261', '32263', '32266', '32269', '32287', '32288']"
593,1072726,0.3005026556917954,0.25,590,2024-09-26 11:19:49.031888,"['32222', '32240', '32253', '32263', '32264', '32269', '32279', '32285', '32287', '32288']"
594,1381650,0.38422797427838595,0.0,590,2024-09-26 11:19:49.139139,"['32221', '32222', '32236', '32263', '32264', '32265', '32266', '32281', '32287', '32288']"
595,1091833,0.2552756905667786,0.4166666666666667,595,2024-09-26 11:19:49.420849,"['32220', '32221', '32222', '32226', '32239', '32246', '32251', '32263', '32265', '32287']"
596,1413827,0.2683300305717202,0.027777777777777776,595,2024-09-26 11:19:49.527917,"['32214', '32221', '32222', '32225', '32230', '32243', '32263', '32265', '32275', '32287']"
597,1507738,0.21865770125162284,0.3611111111111111,595,2024-09-26 11:19:49.638926,"['32225', '32226', '32231', '32236', '32242', '32251', '32265', '32273', '32275', '32283']"
598,1176743,0.2670571732643152,0.0,595,2024-09-26 11:19:49.752259,"['32221', '32236', '32242', '32263', '32265', '32266', '32270', '32274', '32275', '32287']"
599,130161,0.31237590912077656,0.1111111111111111,595,2024-09-26 11:19:49.861355,"['32214', '32215', '32221', '32229', '32239', '32243', '32265', '32266', '32276', '32285']"
600,1191314,0.41824206133265096,0.027777777777777776,600,2024-09-26 11:19:50.133331,"['32221', '32226', '32236', '32239', '32243', '32251', '32263', '32264', '32281', '32287']"
601,1008606,0.2542274988530012,0.1388888888888889,600,2024-09-26 11:19:50.239459,"['32218', '32220', '32221', '32226', '32239', '32243', '32246', '32263', '32274', '32275']"
602,1286191,0.32998391793810056,0.05555555555555555,600,2024-09-26 11:19:50.347664,"['32218', '32221', '32226', '32236', '32239', '32251', '32266', '32270', '32281', '32287']"
603,1329756,0.44055113410744945,0.027777777777777776,600,2024-09-26 11:19:50.454341,"['32218', '32226', '32230', '32239', '32263', '32264', '32266', '32276', '32281', '32287']"
604,863195,0.3757474900694999,0.19444444444444445,600,2024-09-26 11:19:50.559983,"['32218', '32239', '32240', '32253', '32256', '32263', '32269', '32271', '32279', '32285']"
605,1616164,0.346540583383912,0.3055555555555556,605,2024-09-26 11:19:50.826357,"['32221', '32229', '32236', '32238', '32247', '32251', '32263', '32264', '32265', '32281']"
606,1097090,0.26757010555478966,0.1111111111111111,605,2024-09-26 11:19:50.934852,"['32225', '32236', '32239', '32243', '32249', '32251', '32263', '32265', '32270', '32275']"
607,510793,0.3543624515373019,0.1388888888888889,605,2024-09-26 11:19:51.042127,"['32214', '32221', '32226', '32236', '32240', '32251', '32265', '32279', '32283', '32288']"
608,1167514,0.243254161259583,0.3888888888888889,605,2024-09-26 11:19:51.149249,"['32225', '32236', '32243', '32245', '32249', '32251', '32265', '32266', '32274', '32283']"
609,1274209,0.22559008504765907,0.5555555555555556,605,2024-09-26 11:19:51.255492,"['32221', '32225', '32236', '32245', '32249', '32251', '32266', '32274', '32283', '32288']"
610,131753,0.33865949634268655,0.05555555555555555,610,2024-09-26 11:19:51.530640,"['32214', '32215', '32226', '32229', '32244', '32249', '32251', '32266', '32269', '32281']"
611,372352,0.30884417981156165,0.3055555555555556,610,2024-09-26 11:19:51.638396,"['32221', '32226', '32231', '32236', '32239', '32245', '32247', '32249', '32266', '32288']"
612,699810,0.42520240408052906,0.08333333333333333,610,2024-09-26 11:19:51.761678,"['32218', '32226', '32229', '32236', '32251', '32266', '32270', '32273', '32274', '32275']"
613,432811,0.28748663366994615,0.2777777777777778,610,2024-09-26 11:19:51.870914,"['32222', '32236', '32238', '32251', '32253', '32263', '32266', '32279', '32280', '32285']"
614,742705,0.3108889048829758,0.25,610,2024-09-26 11:19:51.978467,"['32214', '32221', '32226', '32236', '32243', '32246', '32251', '32266', '32281', '32287']"
615,881622,0.4018141009741662,0.19444444444444445,615,2024-09-26 11:19:52.251368,"['32244', '32251', '32263', '32266', '32267', '32271', '32276', '32279', '32285', '32287']"
616,1298270,0.24443926654578646,0.6666666666666666,615,2024-09-26 11:19:52.361195,"['32214', '32221', '32226', '32236', '32239', '32249', '32251', '32270', '32287', '32288']"
617,595642,0.30854869587917955,0.16666666666666666,615,2024-09-26 11:19:52.470493,"['32214', '32229', '32238', '32251', '32252', '32263', '32267', '32279', '32285', '32287']"
618,517360,0.2852355392445685,0.2777777777777778,615,2024-09-26 11:19:52.578804,"['32221', '32229', '32231', '32239', '32249', '32251', '32270', '32273', '32275', '32283']"
619,1518733,0.37999159945127514,0.05555555555555555,615,2024-09-26 11:19:52.689605,"['32215', '32218', '32222', '32240', '32244', '32251', '32264', '32265', '32276', '32287']"
620,790987,0.2669214077143581,0.3611111111111111,620,2024-09-26 11:19:52.957541,"['32225', '32226', '32242', '32249', '32261', '32270', '32274', '32286', '32287', '32288']"
621,1481942,0.3213838546267978,0.2777777777777778,620,2024-09-26 11:19:53.062992,"['32219', '32239', '32251', '32266', '32269', '32270', '32277', '32280', '32287', '32288']"
622,232001,0.33689317194123997,0.027777777777777776,620,2024-09-26 11:19:53.169115,"['32218', '32220', '32238', '32240', '32251', '32263', '32264', '32265', '32279', '32287']"
623,1274742,0.3716717013498059,0.4444444444444444,620,2024-09-26 11:19:53.275365,"['32226', '32229', '32236', '32239', '32249', '32251', '32269', '32270', '32279', '32287']"
624,13478,0.3029786909140996,0.08333333333333333,620,2024-09-26 11:19:53.381111,"['32236', '32242', '32246', '32261', '32266', '32270', '32274', '32286', '32287', '32288']"
625,1532549,0.3118447931846511,0.16666666666666666,625,2024-09-26 11:19:53.649234,"['32221', '32226', '32236', '32239', '32249', '32261', '32270', '32281', '32287', '32288']"
626,493621,0.40178771662777746,0.1111111111111111,625,2024-09-26 11:19:53.758931,"['32221', '32226', '32231', '32236', '32239', '32245', '32269', '32270', '32274', '32287']"
627,688349,0.3015072830384808,0.05555555555555555,625,2024-09-26 11:19:53.866638,"['32225', '32226', '32231', '32234', '32242', '32248', '32261', '32274', '32283', '32287']"
628,1179784,0.2708791800762431,0.3333333333333333,625,2024-09-26 11:19:53.974037,"['32214', '32215', '32238', '32240', '32251', '32263', '32265', '32279', '32285', '32287']"
629,24880,0.32146535890811584,0.0,625,2024-09-26 11:19:54.082709,"['32214', '32215', '32218', '32236', '32249', '32251', '32270', '32281', '32287', '32288']"
630,1359413,0.2528002798341832,0.05555555555555555,630,2024-09-26 11:19:54.347963,"['32226', '32230', '32236', '32248', '32251', '32261', '32265', '32274', '32283', '32286']"
631,1266600,0.3870721742784041,0.2222222222222222,630,2024-09-26 11:19:54.453926,"['32214', '32221', '32226', '32236', '32246', '32251', '32265', '32281', '32287', '32288']"
632,551277,0.2880730382409561,0.2222222222222222,630,2024-09-26 11:19:54.559333,"['32218', '32221', '32226', '32236', '32239', '32243', '32251', '32265', '32281', '32287']"
633,126186,0.3220592479067448,0.05555555555555555,630,2024-09-26 11:19:54.665637,"['32236', '32244', '32251', '32253', '32263', '32265', '32267', '32279', '32285', '32288']"
634,480874,0.2991071429778538,0.4444444444444444,630,2024-09-26 11:19:54.771242,"['32222', '32251', '32253', '32256', '32263', '32265', '32276', '32279', '32280', '32285']"
635,1176035,0.29615472603581616,0.1388888888888889,635,2024-09-26 11:19:55.038254,"['32218', '32221', '32222', '32236', '32251', '32263', '32265', '32281', '32287', '32288']"
636,1185600,0.3170903079699095,0.0,635,2024-09-26 11:19:55.145829,"['32221', '32225', '32239', '32243', '32247', '32263', '32265', '32266', '32274', '32288']"
637,40615,0.3209470661454055,0.2222222222222222,635,2024-09-26 11:19:55.256359,"['32225', '32226', '32246', '32249', '32253', '32265', '32269', '32273', '32274', '32283']"
638,574271,0.4268120987719369,0.0,635,2024-09-26 11:19:55.365583,"['32214', '32221', '32226', '32238', '32247', '32251', '32263', '32265', '32287', '32288']"
639,1521016,0.3483041016690297,0.2777777777777778,635,2024-09-26 11:19:55.474994,"['32214', '32215', '32222', '32238', '32240', '32265', '32269', '32271', '32276', '32288']"
640,610075,0.31667066666769367,0.2222222222222222,640,2024-09-26 11:19:55.745653,"['32221', '32226', '32229', '32231', '32239', '32251', '32266', '32275', '32287', '32288']"
641,1037685,0.36506884884627566,0.25,640,2024-09-26 11:19:55.853234,"['32225', '32226', '32236', '32239', '32246', '32263', '32270', '32274', '32283', '32288']"
642,486878,0.36703609016208516,0.05555555555555555,640,2024-09-26 11:19:55.959043,"['32218', '32221', '32226', '32236', '32239', '32264', '32266', '32281', '32287', '32288']"
643,29565,0.37062071852792045,0.0,640,2024-09-26 11:19:56.064311,"['32226', '32229', '32236', '32239', '32243', '32247', '32248', '32275', '32283', '32288']"
644,1124290,0.2644801220602852,0.16666666666666666,640,2024-09-26 11:19:56.173161,"['32225', '32230', '32239', '32242', '32245', '32261', '32274', '32275', '32283', '32288']"
645,1661310,0.2973369250377056,0.0,645,2024-09-26 11:19:56.446140,"['32214', '32221', '32226', '32231', '32239', '32243', '32251', '32265', '32270', '32288']"
646,1083416,0.3308048048700783,0.3055555555555556,645,2024-09-26 11:19:56.554988,"['32226', '32230', '32231', '32243', '32245', '32249', '32270', '32283', '32287', '32288']"
647,216337,0.2834560097960948,0.1111111111111111,645,2024-09-26 11:19:56.662718,"['32220', '32221', '32231', '32234', '32243', '32263', '32265', '32274', '32275', '32288']"
648,1373638,0.31672859022783406,0.2777777777777778,645,2024-09-26 11:19:56.771762,"['32221', '32225', '32230', '32231', '32243', '32245', '32246', '32266', '32283', '32288']"
649,206638,0.30094109758944393,0.027777777777777776,645,2024-09-26 11:19:56.879552,"['32221', '32225', '32231', '32242', '32243', '32266', '32274', '32283', '32286', '32288']"
650,1262677,0.3437339300747508,0.16666666666666666,650,2024-09-26 11:19:57.152213,"['32221', '32226', '32236', '32239', '32243', '32245', '32251', '32270', '32274', '32288']"
651,549198,0.252759621861358,0.5,650,2024-09-26 11:19:57.261424,"['32226', '32243', '32246', '32249', '32251', '32265', '32269', '32274', '32275', '32283']"
652,404038,0.42242467391665167,0.05555555555555555,650,2024-09-26 11:19:57.370903,"['32220', '32225', '32226', '32231', '32239', '32245', '32246', '32251', '32274', '32275']"
653,851260,0.2983418868326572,0.08333333333333333,650,2024-09-26 11:19:57.479583,"['32214', '32225', '32226', '32231', '32239', '32243', '32245', '32251', '32261', '32274']"
654,1483001,0.3355387318376038,0.027777777777777776,650,2024-09-26 11:19:57.587363,"['32225', '32231', '32245', '32246', '32251', '32263', '32266', '32270', '32275', '32283']"
655,587412,0.32220516698745677,0.2222222222222222,655,2024-09-26 11:19:57.856032,"['32214', '32218', '32252', '32253', '32266', '32273', '32276', '32279', '32281', '32285']"
656,40916,0.31480447796166483,0.05555555555555555,655,2024-09-26 11:19:57.962022,"['32214', '32220', '32221', '32243', '32251', '32261', '32263', '32266', '32281', '32287']"
657,73057,0.4237280001747711,0.0,655,2024-09-26 11:19:58.067899,"['32226', '32229', '32230', '32249', '32261', '32269', '32270', '32275', '32281', '32283']"
658,277654,0.24458193351988525,0.4444444444444444,655,2024-09-26 11:19:58.173860,"['32221', '32226', '32229', '32243', '32244', '32249', '32251', '32265', '32281', '32287']"
659,1064753,0.3377487826263652,0.0,655,2024-09-26 11:19:58.279602,"['32221', '32226', '32229', '32236', '32239', '32251', '32266', '32270', '32273', '32281']"
660,1231238,0.3474045264299835,0.2777777777777778,660,2024-09-26 11:19:58.584972,"['32222', '32227', '32244', '32251', '32252', '32255', '32265', '32272', '32280', '32281']"
661,1270753,0.30645361936308974,0.2222222222222222,660,2024-09-26 11:19:58.692333,"['32214', '32218', '32221', '32222', '32236', '32244', '32263', '32265', '32281', '32288']"
662,729235,0.34543413913383314,0.4166666666666667,660,2024-09-26 11:19:58.802083,"['32219', '32226', '32240', '32251', '32256', '32265', '32275', '32279', '32281', '32288']"
663,307008,0.33304455124586846,0.027777777777777776,660,2024-09-26 11:19:58.910184,"['32225', '32230', '32242', '32247', '32249', '32261', '32265', '32274', '32283', '32287']"
664,1452022,0.3552973095555045,0.2222222222222222,660,2024-09-26 11:19:59.020151,"['32221', '32222', '32226', '32236', '32244', '32246', '32265', '32281', '32287', '32288']"
665,1321900,0.3792810656671763,0.0,665,2024-09-26 11:19:59.290595,"['32215', '32264', '32266', '32270', '32276', '32279', '32281', '32283', '32285', '32288']"
666,840114,0.3450144442832275,0.2777777777777778,665,2024-09-26 11:19:59.396215,"['32251', '32252', '32253', '32263', '32266', '32267', '32271', '32279', '32280', '32288']"
667,1049832,0.3532301584880881,0.25,665,2024-09-26 11:19:59.502370,"['32221', '32226', '32231', '32236', '32239', '32251', '32265', '32281', '32287', '32288']"
668,485259,0.3318967740068514,0.25,665,2024-09-26 11:19:59.607845,"['32218', '32226', '32230', '32239', '32243', '32249', '32251', '32281', '32287', '32288']"
669,30895,0.27575180012024214,0.16666666666666666,665,2024-09-26 11:19:59.714102,"['32220', '32231', '32239', '32243', '32245', '32263', '32266', '32270', '32275', '32288']"
670,1227499,0.3322070124986081,0.1388888888888889,670,2024-09-26 11:19:59.986775,"['32219', '32232', '32240', '32251', '32265', '32272', '32281', '32283', '32287', '32288']"
671,490657,0.35413622098656483,0.2777777777777778,670,2024-09-26 11:20:00.097227,"['32217', '32219', '32251', '32263', '32266', '32267', '32279', '32285', '32287', '32288']"
672,811750,0.3178625330836902,0.3611111111111111,670,2024-09-26 11:20:00.205894,"['32226', '32236', '32243', '32263', '32264', '32265', '32269', '32285', '32287', '32288']"
673,710663,0.3304409315162524,0.08333333333333333,670,2024-09-26 11:20:00.314291,"['32220', '32225', '32226', '32236', '32239', '32245', '32261', '32265', '32287', '32288']"
674,271890,0.30719309023086755,0.2777777777777778,670,2024-09-26 11:20:00.422365,"['32225', '32226', '32230', '32236', '32242', '32266', '32274', '32283', '32286', '32288']"
675,409606,0.37062525259643053,0.0,675,2024-09-26 11:20:00.700626,"['32242', '32245', '32248', '32251', '32261', '32266', '32270', '32274', '32283', '32288']"
676,740172,0.2843019172873698,0.027777777777777776,675,2024-09-26 11:20:00.810545,"['32221', '32225', '32236', '32243', '32245', '32251', '32263', '32266', '32274', '32288']"
677,1431939,0.2506092876130196,0.1388888888888889,675,2024-09-26 11:20:00.920995,"['32226', '32231', '32239', '32243', '32245', '32247', '32251', '32263', '32265', '32288']"
678,1356708,0.30529446967995394,0.19444444444444445,675,2024-09-26 11:20:01.028429,"['32221', '32225', '32226', '32243', '32251', '32266', '32270', '32283', '32285', '32288']"
679,322697,0.25405424431389767,0.4722222222222222,675,2024-09-26 11:20:01.134469,"['32226', '32231', '32236', '32239', '32251', '32266', '32269', '32270', '32275', '32283']"
680,1601259,0.37125518549787045,0.3611111111111111,680,2024-09-26 11:20:01.401848,"['32221', '32225', '32226', '32242', '32246', '32249', '32251', '32266', '32274', '32275']"
681,188563,0.3245095006803052,0.0,680,2024-09-26 11:20:01.509009,"['32221', '32226', '32229', '32236', '32251', '32270', '32274', '32283', '32287', '32288']"
682,1388539,0.20965760000574596,0.25,680,2024-09-26 11:20:01.616784,"['32214', '32220', '32225', '32226', '32230', '32245', '32251', '32266', '32270', '32275']"
683,724814,0.2724822680245639,0.08333333333333333,680,2024-09-26 11:20:01.725207,"['32220', '32221', '32242', '32245', '32246', '32251', '32263', '32265', '32270', '32274']"
684,938518,0.36113159759329405,0.1111111111111111,680,2024-09-26 11:20:01.835985,"['32218', '32221', '32226', '32238', '32251', '32263', '32265', '32279', '32285', '32287']"
685,1030926,0.26989659935310795,0.3888888888888889,685,2024-09-26 11:20:02.106717,"['32221', '32226', '32229', '32239', '32243', '32266', '32269', '32270', '32275', '32288']"
686,427211,0.3695873135432096,0.08333333333333333,685,2024-09-26 11:20:02.212658,"['32244', '32251', '32263', '32265', '32271', '32276', '32279', '32280', '32285', '32288']"
687,630352,0.32575961466265685,0.3333333333333333,685,2024-09-26 11:20:02.317987,"['32218', '32222', '32229', '32239', '32251', '32263', '32269', '32271', '32280', '32288']"
688,178228,0.19052846296332576,0.2222222222222222,685,2024-09-26 11:20:02.426239,"['32220', '32221', '32228', '32243', '32246', '32262', '32265', '32274', '32275', '32288']"
689,117539,0.2237358765441464,0.5555555555555556,685,2024-09-26 11:20:02.534883,"['32218', '32221', '32225', '32226', '32236', '32239', '32247', '32266', '32287', '32288']"
690,474448,0.25330618028466706,0.3611111111111111,690,2024-09-26 11:20:02.804776,"['32220', '32222', '32225', '32226', '32231', '32239', '32243', '32251', '32266', '32270']"
691,351876,0.3003542365751146,0.4444444444444444,690,2024-09-26 11:20:02.912957,"['32214', '32236', '32243', '32249', '32251', '32264', '32265', '32266', '32269', '32285']"
692,1562748,0.31355749657757104,0.1111111111111111,690,2024-09-26 11:20:03.022004,"['32221', '32225', '32230', '32239', '32242', '32243', '32245', '32251', '32265', '32274']"
693,1202268,0.3361254655987763,0.16666666666666666,690,2024-09-26 11:20:03.128146,"['32214', '32229', '32240', '32251', '32253', '32263', '32279', '32280', '32281', '32285']"
694,1290227,0.444823002165873,0.1111111111111111,690,2024-09-26 11:20:03.234958,"['32229', '32230', '32243', '32251', '32264', '32270', '32273', '32277', '32279', '32287']"
695,1638880,0.3783486266363281,0.3333333333333333,695,2024-09-26 11:20:03.505054,"['32221', '32225', '32226', '32230', '32231', '32243', '32251', '32261', '32270', '32288']"
696,679629,0.3166962966061237,0.19444444444444445,695,2024-09-26 11:20:03.614032,"['32226', '32230', '32236', '32243', '32251', '32265', '32273', '32281', '32283', '32288']"
697,1065784,0.2752820947263127,0.05555555555555555,695,2024-09-26 11:20:03.721957,"['32226', '32230', '32236', '32242', '32243', '32246', '32251', '32266', '32270', '32283']"
698,1358069,0.35753988303931944,0.08333333333333333,695,2024-09-26 11:20:03.830514,"['32226', '32229', '32239', '32243', '32251', '32264', '32269', '32276', '32281', '32285']"
699,1528105,0.3461060165861181,0.3055555555555556,695,2024-09-26 11:20:03.938177,"['32221', '32226', '32236', '32239', '32251', '32264', '32270', '32281', '32287', '32288']"
700,689633,0.24466437840788147,0.19444444444444445,700,2024-09-26 11:20:04.209019,"['32225', '32231', '32234', '32239', '32242', '32261', '32265', '32270', '32274', '32287']"
701,1302212,0.2599725127122717,0.08333333333333333,700,2024-09-26 11:20:04.315851,"['32220', '32228', '32230', '32236', '32239', '32243', '32261', '32263', '32265', '32274']"
702,151545,0.38277520567756956,0.25,700,2024-09-26 11:20:04.421566,"['32218', '32226', '32229', '32239', '32240', '32243', '32265', '32279', '32281', '32283']"
703,485075,0.30939726213695806,0.3055555555555556,700,2024-09-26 11:20:04.527590,"['32215', '32223', '32226', '32238', '32239', '32251', '32265', '32269', '32277', '32285']"
704,1065536,0.2924377730789516,0.2777777777777778,700,2024-09-26 11:20:04.634407,"['32214', '32218', '32221', '32226', '32236', '32239', '32251', '32264', '32265', '32287']"
705,1557805,0.29080323527535396,0.25,705,2024-09-26 11:20:04.903331,"['32220', '32236', '32239', '32243', '32245', '32247', '32261', '32263', '32265', '32288']"
706,1074563,0.3755263819529564,0.0,705,2024-09-26 11:20:05.012753,"['32229', '32239', '32248', '32251', '32253', '32266', '32270', '32281', '32287', '32288']"
707,575178,0.3363915968713951,0.1388888888888889,705,2024-09-26 11:20:05.121178,"['32215', '32229', '32251', '32253', '32263', '32265', '32273', '32277', '32283', '32288']"
708,589734,0.294050510603768,0.3611111111111111,705,2024-09-26 11:20:05.231199,"['32214', '32215', '32222', '32239', '32243', '32263', '32264', '32281', '32287', '32288']"
709,1005090,0.43697561356139936,0.08333333333333333,705,2024-09-26 11:20:05.339834,"['32214', '32215', '32223', '32232', '32251', '32253', '32263', '32271', '32283', '32288']"
710,936190,0.4348515652907542,0.0,710,2024-09-26 11:20:05.606191,"['32230', '32236', '32239', '32243', '32251', '32265', '32269', '32270', '32274', '32275']"
711,1476926,0.32044603490141926,0.3055555555555556,710,2024-09-26 11:20:05.711814,"['32220', '32239', '32243', '32247', '32249', '32263', '32265', '32270', '32274', '32283']"
712,1220695,0.32910327151787533,0.25,710,2024-09-26 11:20:05.821383,"['32222', '32238', '32239', '32240', '32266', '32279', '32280', '32281', '32283', '32287']"
713,1336545,0.3142852812892513,0.027777777777777776,710,2024-09-26 11:20:05.929231,"['32226', '32229', '32239', '32243', '32246', '32249', '32266', '32281', '32283', '32288']"
714,1198168,0.33624345156520385,0.3333333333333333,710,2024-09-26 11:20:06.036259,"['32236', '32239', '32243', '32249', '32251', '32266', '32269', '32270', '32281', '32283']"
715,311913,0.43339892682469056,0.05555555555555555,715,2024-09-26 11:20:06.306415,"['32219', '32226', '32229', '32239', '32251', '32253', '32266', '32281', '32287', '32288']"
716,1358724,0.33962015507331855,0.19444444444444445,715,2024-09-26 11:20:06.415117,"['32214', '32221', '32226', '32251', '32263', '32265', '32281', '32285', '32287', '32288']"
717,25806,0.32529185475826766,0.0,715,2024-09-26 11:20:06.523231,"['32221', '32226', '32229', '32247', '32249', '32251', '32261', '32266', '32287', '32288']"
718,1114893,0.3497387764292064,0.05555555555555555,715,2024-09-26 11:20:06.631208,"['32218', '32221', '32226', '32229', '32251', '32263', '32266', '32281', '32287', '32288']"
719,976245,0.2752199739321745,0.05555555555555555,715,2024-09-26 11:20:06.738420,"['32225', '32226', '32236', '32239', '32243', '32251', '32263', '32265', '32270', '32274']"
720,475115,0.28006676745405734,0.3055555555555556,720,2024-09-26 11:20:07.004055,"['32218', '32222', '32226', '32229', '32243', '32244', '32251', '32266', '32281', '32288']"
721,472098,0.3342087674689511,0.0,720,2024-09-26 11:20:07.109810,"['32221', '32226', '32231', '32243', '32245', '32251', '32266', '32270', '32274', '32288']"
722,871366,0.2488101683383114,0.4722222222222222,720,2024-09-26 11:20:07.216932,"['32214', '32222', '32226', '32229', '32238', '32244', '32251', '32265', '32281', '32285']"
723,1519595,0.34256477829596504,0.2222222222222222,720,2024-09-26 11:20:07.323471,"['32218', '32226', '32231', '32251', '32263', '32266', '32269', '32281', '32285', '32287']"
724,1056492,0.3733871702883556,0.0,720,2024-09-26 11:20:07.431794,"['32214', '32220', '32221', '32225', '32239', '32249', '32251', '32261', '32263', '32270']"
725,1461551,0.3115215760258453,0.2777777777777778,725,2024-09-26 11:20:07.705170,"['32218', '32220', '32221', '32231', '32243', '32251', '32263', '32266', '32274', '32275']"
726,731801,0.3579725637441207,0.027777777777777776,725,2024-09-26 11:20:07.813752,"['32215', '32221', '32239', '32243', '32244', '32251', '32276', '32279', '32281', '32288']"
727,325766,0.31979574912240843,0.2222222222222222,725,2024-09-26 11:20:07.924794,"['32215', '32222', '32229', '32251', '32253', '32255', '32256', '32267', '32271', '32276']"
728,387771,0.31862628727686126,0.05555555555555555,725,2024-09-26 11:20:08.034776,"['32234', '32246', '32247', '32248', '32249', '32251', '32265', '32274', '32283', '32286']"
729,969907,0.29272281978367903,0.3611111111111111,725,2024-09-26 11:20:08.142537,"['32218', '32221', '32239', '32243', '32251', '32261', '32263', '32266', '32287', '32288']"
730,1188187,0.3152260954481346,0.2777777777777778,730,2024-09-26 11:20:08.411729,"['32221', '32226', '32229', '32236', '32239', '32251', '32264', '32266', '32285', '32288']"
731,1420284,0.3518339522247828,0.08333333333333333,730,2024-09-26 11:20:08.520897,"['32218', '32240', '32244', '32263', '32265', '32269', '32276', '32279', '32285', '32287']"
732,1198965,0.2653026516964464,0.05555555555555555,730,2024-09-26 11:20:08.628489,"['32226', '32242', '32261', '32263', '32265', '32266', '32270', '32274', '32275', '32285']"
733,255333,0.3867344403095652,0.05555555555555555,730,2024-09-26 11:20:08.736988,"['32215', '32218', '32226', '32229', '32240', '32263', '32265', '32279', '32285', '32288']"
734,269111,0.3074951576124885,0.0,730,2024-09-26 11:20:08.848418,"['32220', '32225', '32226', '32243', '32249', '32263', '32265', '32274', '32285', '32286']"
735,1431844,0.29397475047347466,0.2222222222222222,735,2024-09-26 11:20:09.114864,"['32222', '32226', '32229', '32239', '32244', '32253', '32263', '32269', '32279', '32280']"
736,784785,0.32509375783457267,0.05555555555555555,735,2024-09-26 11:20:09.221198,"['32215', '32226', '32231', '32236', '32239', '32249', '32263', '32266', '32281', '32288']"
737,554658,0.35483911239059635,0.25,735,2024-09-26 11:20:09.328143,"['32226', '32236', '32239', '32240', '32243', '32244', '32264', '32279', '32285', '32287']"
738,417115,0.2123900670403812,0.19444444444444445,735,2024-09-26 11:20:09.434741,"['32221', '32225', '32226', '32242', '32251', '32261', '32275', '32283', '32286', '32288']"
739,433133,0.2191894224453184,0.2222222222222222,735,2024-09-26 11:20:09.545440,"['32225', '32226', '32230', '32236', '32243', '32249', '32251', '32266', '32270', '32288']"
740,797408,0.340724724819175,0.1388888888888889,740,2024-09-26 11:20:09.814309,"['32229', '32231', '32236', '32243', '32245', '32249', '32261', '32266', '32274', '32287']"
741,3662,0.42224191468531236,0.08333333333333333,740,2024-09-26 11:20:09.921482,"['32219', '32224', '32229', '32243', '32251', '32264', '32272', '32273', '32276', '32287']"
742,103023,0.3194226718647243,0.5,740,2024-09-26 11:20:10.029300,"['32221', '32230', '32236', '32243', '32246', '32270', '32274', '32283', '32287', '32288']"
743,918395,0.2719259870980662,0.1388888888888889,740,2024-09-26 11:20:10.136880,"['32226', '32230', '32231', '32239', '32243', '32245', '32247', '32265', '32281', '32287']"
744,353872,0.30292048395324234,0.1111111111111111,740,2024-09-26 11:20:10.244329,"['32221', '32226', '32230', '32239', '32243', '32263', '32266', '32270', '32283', '32287']"
745,376695,0.31802642450088564,0.1111111111111111,745,2024-09-26 11:20:10.518275,"['32218', '32221', '32222', '32239', '32249', '32263', '32266', '32281', '32287', '32288']"
746,305574,0.311163780232951,0.5277777777777778,745,2024-09-26 11:20:10.623895,"['32226', '32236', '32239', '32243', '32249', '32264', '32266', '32269', '32283', '32287']"
747,857955,0.27241820788298615,0.027777777777777776,745,2024-09-26 11:20:10.728178,"['32225', '32226', '32234', '32242', '32243', '32261', '32266', '32274', '32283', '32287']"
748,1084884,0.3624988955846969,0.25,745,2024-09-26 11:20:10.834703,"['32220', '32221', '32222', '32226', '32230', '32236', '32239', '32263', '32266', '32287']"
749,1037531,0.29294004932628803,0.08333333333333333,745,2024-09-26 11:20:10.944455,"['32226', '32229', '32236', '32239', '32265', '32266', '32269', '32270', '32283', '32287']"
750,373177,0.32551962742374413,0.25,750,2024-09-26 11:20:11.211428,"['32214', '32219', '32240', '32251', '32263', '32264', '32265', '32269', '32279', '32287']"
751,441961,0.3665319442333637,0.0,750,2024-09-26 11:20:11.320885,"['32230', '32242', '32245', '32261', '32265', '32273', '32274', '32275', '32283', '32288']"
752,1388011,0.2963847658956212,0.16666666666666666,750,2024-09-26 11:20:11.428312,"['32221', '32226', '32230', '32236', '32243', '32265', '32269', '32275', '32279', '32281']"
753,726270,0.3409317600886441,0.1388888888888889,750,2024-09-26 11:20:11.535436,"['32222', '32229', '32240', '32251', '32263', '32265', '32267', '32269', '32271', '32287']"
754,1295624,0.32492175802000245,0.1388888888888889,750,2024-09-26 11:20:11.643207,"['32221', '32226', '32229', '32231', '32239', '32265', '32275', '32281', '32283', '32288']"
755,938640,0.43562614964363083,0.027777777777777776,755,2024-09-26 11:20:11.917804,"['32221', '32226', '32236', '32239', '32261', '32265', '32274', '32281', '32287', '32288']"
756,810071,0.2842222272764601,0.16666666666666666,755,2024-09-26 11:20:12.027153,"['32221', '32225', '32226', '32242', '32249', '32265', '32266', '32270', '32275', '32283']"
757,1315510,0.37120378287398836,0.1388888888888889,755,2024-09-26 11:20:12.133886,"['32218', '32223', '32243', '32253', '32256', '32265', '32275', '32276', '32280', '32283']"
758,1035655,0.28687980168868216,0.16666666666666666,755,2024-09-26 11:20:12.239831,"['32219', '32221', '32229', '32240', '32253', '32263', '32264', '32265', '32280', '32285']"
759,655145,0.3587149722376754,0.05555555555555555,755,2024-09-26 11:20:12.350547,"['32220', '32221', '32222', '32246', '32247', '32261', '32263', '32265', '32281', '32288']"
760,447479,0.356868106341732,0.1388888888888889,760,2024-09-26 11:20:12.618800,"['32226', '32229', '32239', '32251', '32264', '32266', '32281', '32283', '32287', '32288']"
761,574820,0.29829481792693446,0.1111111111111111,760,2024-09-26 11:20:12.726239,"['32225', '32231', '32242', '32246', '32251', '32263', '32266', '32274', '32287', '32288']"
762,692911,0.33339236021667995,0.19444444444444445,760,2024-09-26 11:20:12.834926,"['32226', '32236', '32239', '32243', '32245', '32247', '32265', '32266', '32275', '32287']"
763,1292905,0.27719770240594094,0.2777777777777778,760,2024-09-26 11:20:12.942643,"['32214', '32220', '32221', '32225', '32230', '32263', '32269', '32281', '32287', '32288']"
764,1419255,0.43543997816052754,0.027777777777777776,760,2024-09-26 11:20:13.050980,"['32218', '32221', '32226', '32236', '32239', '32263', '32269', '32281', '32287', '32288']"
765,761349,0.30247117510935523,0.05555555555555555,765,2024-09-26 11:20:13.325493,"['32220', '32225', '32226', '32243', '32245', '32263', '32266', '32269', '32270', '32274']"
766,1338001,0.26214915744120026,0.16666666666666666,765,2024-09-26 11:20:13.432299,"['32226', '32230', '32242', '32243', '32261', '32266', '32269', '32270', '32281', '32283']"
767,131445,0.3026513124793823,0.3611111111111111,765,2024-09-26 11:20:13.541343,"['32220', '32226', '32238', '32243', '32246', '32251', '32264', '32265', '32281', '32287']"
768,1429020,0.3167374127456298,0.19444444444444445,765,2024-09-26 11:20:13.648967,"['32226', '32239', '32243', '32245', '32249', '32251', '32264', '32281', '32287', '32288']"
769,964783,0.3447711699743767,0.0,765,2024-09-26 11:20:13.756885,"['32214', '32220', '32225', '32226', '32230', '32239', '32243', '32265', '32270', '32274']"
770,271158,0.34796235183464486,0.1111111111111111,770,2024-09-26 11:20:14.024970,"['32225', '32236', '32239', '32245', '32247', '32264', '32266', '32275', '32276', '32281']"
771,1082219,0.32537377397565664,0.16666666666666666,770,2024-09-26 11:20:14.132108,"['32221', '32230', '32236', '32243', '32247', '32249', '32264', '32265', '32270', '32281']"
772,1180040,0.308374042732726,0.0,770,2024-09-26 11:20:14.238406,"['32225', '32236', '32242', '32245', '32246', '32249', '32266', '32274', '32283', '32286']"
773,1382761,0.3238476026933268,0.16666666666666666,770,2024-09-26 11:20:14.347089,"['32215', '32222', '32223', '32236', '32249', '32251', '32252', '32256', '32269', '32280']"
774,188534,0.2611657122489437,0.1388888888888889,770,2024-09-26 11:20:14.454466,"['32225', '32230', '32236', '32243', '32245', '32261', '32263', '32270', '32274', '32275']"
775,1257021,0.23902299358930537,0.3333333333333333,775,2024-09-26 11:20:14.727612,"['32225', '32239', '32242', '32243', '32247', '32249', '32261', '32265', '32275', '32281']"
776,886351,0.3055501202941171,0.0,775,2024-09-26 11:20:14.835803,"['32225', '32226', '32230', '32236', '32242', '32246', '32249', '32261', '32281', '32288']"
777,696691,0.30671276292639554,0.2777777777777778,775,2024-09-26 11:20:14.943579,"['32214', '32226', '32239', '32243', '32251', '32264', '32265', '32281', '32285', '32287']"
778,1255789,0.33413014880511216,0.027777777777777776,775,2024-09-26 11:20:15.051416,"['32215', '32219', '32238', '32251', '32263', '32265', '32276', '32279', '32281', '32285']"
779,1191887,0.3356931679872108,0.3888888888888889,775,2024-09-26 11:20:15.159550,"['32226', '32239', '32243', '32251', '32265', '32270', '32279', '32281', '32285', '32287']"
780,828459,0.38751832591673857,0.08333333333333333,780,2024-09-26 11:20:15.427273,"['32226', '32229', '32242', '32243', '32249', '32251', '32253', '32273', '32279', '32283']"
781,47100,0.2748484094855886,0.4166666666666667,780,2024-09-26 11:20:15.532641,"['32222', '32229', '32243', '32251', '32264', '32266', '32273', '32277', '32283', '32285']"
782,1437735,0.4189239357366051,0.05555555555555555,780,2024-09-26 11:20:15.638705,"['32229', '32243', '32244', '32249', '32251', '32253', '32269', '32273', '32279', '32281']"
783,317310,0.34755218984100983,0.19444444444444445,780,2024-09-26 11:20:15.743711,"['32220', '32221', '32226', '32229', '32245', '32246', '32247', '32251', '32266', '32288']"
784,1168225,0.2630095009911649,0.05555555555555555,780,2024-09-26 11:20:15.853332,"['32214', '32220', '32226', '32229', '32239', '32246', '32251', '32266', '32274', '32288']"
785,628412,0.3262939555452706,0.2222222222222222,785,2024-09-26 11:20:16.143116,"['32214', '32225', '32226', '32239', '32246', '32249', '32251', '32263', '32270', '32275']"
786,1137748,0.25298373369347316,0.3611111111111111,785,2024-09-26 11:20:16.249386,"['32215', '32223', '32232', '32238', '32243', '32251', '32252', '32265', '32280', '32288']"
787,1129319,0.3144030302190575,0.25,785,2024-09-26 11:20:16.358497,"['32221', '32226', '32239', '32243', '32249', '32251', '32270', '32281', '32287', '32288']"
788,443380,0.325526503146938,0.2222222222222222,785,2024-09-26 11:20:16.464902,"['32215', '32218', '32221', '32226', '32236', '32239', '32251', '32266', '32281', '32287']"
789,1517603,0.36856366403507784,0.3333333333333333,785,2024-09-26 11:20:16.571484,"['32218', '32225', '32226', '32231', '32239', '32251', '32265', '32270', '32275', '32288']"
790,361881,0.3657053807537647,0.05555555555555555,790,2024-09-26 11:20:16.842532,"['32226', '32231', '32236', '32243', '32247', '32249', '32261', '32270', '32283', '32288']"
791,94724,0.3655385949957686,0.1388888888888889,790,2024-09-26 11:20:16.951607,"['32238', '32243', '32248', '32249', '32253', '32269', '32270', '32281', '32285', '32288']"
792,1558295,0.368116263306353,0.0,790,2024-09-26 11:20:17.059170,"['32223', '32229', '32244', '32273', '32276', '32277', '32280', '32283', '32285', '32288']"
793,710771,0.2712429819199432,0.0,790,2024-09-26 11:20:17.166378,"['32221', '32225', '32230', '32234', '32243', '32245', '32265', '32275', '32287', '32288']"
794,309897,0.4035827676229457,0.05555555555555555,790,2024-09-26 11:20:17.273277,"['32225', '32231', '32239', '32242', '32247', '32249', '32261', '32274', '32283', '32288']"
795,1038339,0.401479986158019,0.027777777777777776,795,2024-09-26 11:20:17.541461,"['32218', '32226', '32239', '32247', '32249', '32251', '32264', '32283', '32285', '32288']"
796,1594954,0.2901162956061088,0.19444444444444445,795,2024-09-26 11:20:17.650493,"['32221', '32226', '32243', '32245', '32246', '32270', '32274', '32275', '32281', '32288']"
797,757193,0.3976238522997588,0.1111111111111111,795,2024-09-26 11:20:17.757030,"['32226', '32229', '32239', '32248', '32249', '32253', '32265', '32273', '32274', '32288']"
798,1414892,0.30042460354185246,0.1388888888888889,795,2024-09-26 11:20:17.862757,"['32222', '32240', '32244', '32251', '32264', '32265', '32266', '32281', '32287', '32288']"
799,618378,0.2676372286469871,0.08333333333333333,795,2024-09-26 11:20:17.972482,"['32220', '32226', '32231', '32239', '32243', '32263', '32266', '32270', '32283', '32288']"
800,1110353,0.40595433570665646,0.0,800,2024-09-26 11:20:18.241249,"['32214', '32218', '32221', '32226', '32236', '32249', '32261', '32263', '32265', '32287']"
801,1148428,0.31462574466774784,0.0,800,2024-09-26 11:20:18.348896,"['32220', '32221', '32225', '32243', '32247', '32263', '32265', '32266', '32274', '32288']"
802,1553522,0.24587238214724919,0.5277777777777778,800,2024-09-26 11:20:18.456320,"['32214', '32218', '32221', '32226', '32229', '32256', '32264', '32269', '32280', '32285']"
803,933508,0.3343999511942309,0.1111111111111111,800,2024-09-26 11:20:18.564050,"['32221', '32222', '32229', '32238', '32261', '32266', '32269', '32281', '32285', '32287']"
804,1162739,0.36535749531748557,0.1388888888888889,800,2024-09-26 11:20:18.672237,"['32221', '32229', '32238', '32240', '32253', '32264', '32277', '32280', '32281', '32283']"
805,797962,0.2811623392804813,0.027777777777777776,805,2024-09-26 11:20:18.943096,"['32225', '32230', '32234', '32239', '32243', '32248', '32261', '32274', '32283', '32286']"
806,321343,0.33487530289239115,0.4166666666666667,805,2024-09-26 11:20:19.048721,"['32221', '32226', '32229', '32231', '32236', '32239', '32243', '32251', '32275', '32283']"
807,592383,0.27877610428436445,0.0,805,2024-09-26 11:20:19.159015,"['32225', '32236', '32239', '32242', '32243', '32248', '32274', '32275', '32283', '32286']"
808,947271,0.28092880989782487,0.05555555555555555,805,2024-09-26 11:20:19.267286,"['32214', '32221', '32222', '32225', '32226', '32231', '32239', '32245', '32266', '32275']"
809,1473611,0.3234552768314591,0.16666666666666666,805,2024-09-26 11:20:19.372317,"['32221', '32226', '32239', '32246', '32247', '32263', '32265', '32275', '32281', '32287']"
810,119813,0.35896859512013995,0.1111111111111111,810,2024-09-26 11:20:19.649089,"['32221', '32231', '32236', '32239', '32243', '32244', '32246', '32249', '32283', '32287']"
811,1338664,0.2909946024981761,0.2777777777777778,810,2024-09-26 11:20:19.757729,"['32222', '32239', '32243', '32251', '32263', '32269', '32276', '32279', '32281', '32285']"
812,1006588,0.27930220469242123,0.0,810,2024-09-26 11:20:19.867925,"['32220', '32221', '32228', '32230', '32239', '32242', '32246', '32265', '32274', '32283']"
813,213808,0.3298802102923256,0.2222222222222222,810,2024-09-26 11:20:19.976471,"['32221', '32230', '32239', '32245', '32246', '32263', '32265', '32270', '32274', '32275']"
814,343894,0.3445643472837252,0.19444444444444445,810,2024-09-26 11:20:20.086364,"['32226', '32229', '32239', '32243', '32251', '32270', '32273', '32274', '32275', '32281']"
815,211904,0.4033195830365944,0.05555555555555555,815,2024-09-26 11:20:20.353372,"['32215', '32218', '32221', '32240', '32251', '32263', '32264', '32265', '32279', '32288']"
816,1422602,0.33280700446736133,0.05555555555555555,815,2024-09-26 11:20:20.459605,"['32214', '32221', '32225', '32230', '32239', '32245', '32265', '32275', '32281', '32288']"
817,861885,0.30794623874125787,0.0,815,2024-09-26 11:20:20.564894,"['32231', '32242', '32243', '32246', '32249', '32251', '32265', '32283', '32285', '32286']"
818,1550312,0.2499417692082103,0.16666666666666666,815,2024-09-26 11:20:20.670707,"['32220', '32225', '32226', '32230', '32231', '32243', '32245', '32265', '32274', '32287']"
819,1632886,0.3478372085029719,0.1388888888888889,815,2024-09-26 11:20:20.776974,"['32221', '32226', '32236', '32239', '32263', '32265', '32266', '32281', '32287', '32288']"
820,1213495,0.2732331878397075,0.2222222222222222,820,2024-09-26 11:20:21.080955,"['32220', '32221', '32225', '32226', '32230', '32239', '32245', '32251', '32265', '32288']"
821,551804,0.26885980975373674,0.4444444444444444,820,2024-09-26 11:20:21.189800,"['32218', '32222', '32229', '32240', '32263', '32265', '32266', '32271', '32285', '32288']"
822,128498,0.2675729850538501,0.05555555555555555,820,2024-09-26 11:20:21.301020,"['32221', '32229', '32253', '32264', '32266', '32279', '32281', '32285', '32287', '32288']"
823,119237,0.24926874881552033,0.2222222222222222,820,2024-09-26 11:20:21.408514,"['32225', '32243', '32247', '32251', '32261', '32266', '32274', '32275', '32279', '32288']"
824,1069507,0.31196524147381344,0.027777777777777776,820,2024-09-26 11:20:21.516504,"['32230', '32242', '32246', '32248', '32265', '32270', '32274', '32283', '32286', '32288']"
825,375842,0.27936396730510515,0.3055555555555556,825,2024-09-26 11:20:21.783765,"['32221', '32229', '32236', '32239', '32251', '32270', '32277', '32283', '32287', '32288']"
826,688444,0.3242885583297846,0.1111111111111111,825,2024-09-26 11:20:21.892170,"['32214', '32218', '32238', '32240', '32243', '32251', '32276', '32279', '32285', '32288']"
827,26271,0.29658106645191173,0.0,825,2024-09-26 11:20:21.998154,"['32220', '32221', '32225', '32226', '32236', '32245', '32249', '32263', '32265', '32288']"
828,1232873,0.26110246316552,0.1388888888888889,825,2024-09-26 11:20:22.103425,"['32214', '32220', '32226', '32236', '32243', '32246', '32266', '32270', '32274', '32288']"
829,1066099,0.287073105762951,0.0,825,2024-09-26 11:20:22.209374,"['32214', '32221', '32225', '32236', '32243', '32245', '32265', '32270', '32275', '32288']"
830,623194,0.43221725245554765,0.05555555555555555,830,2024-09-26 11:20:22.484129,"['32215', '32219', '32223', '32248', '32251', '32273', '32279', '32280', '32281', '32283']"
831,533437,0.366988063594878,0.19444444444444445,830,2024-09-26 11:20:22.591149,"['32219', '32229', '32239', '32249', '32251', '32264', '32276', '32280', '32281', '32288']"
832,827226,0.2918439495449047,0.3333333333333333,830,2024-09-26 11:20:22.698085,"['32222', '32224', '32238', '32239', '32251', '32256', '32266', '32269', '32279', '32280']"
833,31094,0.25661083248676486,0.08333333333333333,830,2024-09-26 11:20:22.807986,"['32214', '32226', '32230', '32239', '32247', '32251', '32265', '32266', '32270', '32274']"
834,157237,0.2824892392598277,0.3333333333333333,830,2024-09-26 11:20:22.915655,"['32214', '32219', '32221', '32243', '32251', '32264', '32276', '32279', '32283', '32288']"
835,1385273,0.3300033368464793,0.027777777777777776,835,2024-09-26 11:20:23.185223,"['32226', '32236', '32239', '32243', '32251', '32265', '32270', '32281', '32287', '32288']"
836,13578,0.29417710547085496,0.19444444444444445,835,2024-09-26 11:20:23.291649,"['32220', '32231', '32234', '32239', '32243', '32266', '32274', '32275', '32281', '32283']"
837,978687,0.3140410337422635,0.027777777777777776,835,2024-09-26 11:20:23.399774,"['32225', '32229', '32239', '32261', '32265', '32266', '32269', '32274', '32281', '32288']"
838,1176180,0.2726977565245591,0.2777777777777778,835,2024-09-26 11:20:23.505666,"['32221', '32225', '32230', '32243', '32245', '32246', '32247', '32263', '32270', '32281']"
839,652426,0.3280662067678411,0.19444444444444445,835,2024-09-26 11:20:23.613855,"['32220', '32221', '32239', '32243', '32246', '32263', '32266', '32270', '32274', '32281']"
840,11882,0.3579441329988436,0.2777777777777778,840,2024-09-26 11:20:23.882290,"['32221', '32225', '32226', '32236', '32247', '32269', '32270', '32274', '32283', '32287']"
841,550594,0.3090283660015012,0.05555555555555555,840,2024-09-26 11:20:23.993962,"['32220', '32243', '32249', '32251', '32261', '32263', '32265', '32270', '32281', '32287']"
842,535109,0.24874130244017442,0.0,840,2024-09-26 11:20:24.102811,"['32220', '32234', '32239', '32242', '32247', '32266', '32274', '32283', '32286', '32287']"
843,1492257,0.3088989577559121,0.25,840,2024-09-26 11:20:24.211885,"['32215', '32222', '32251', '32263', '32269', '32276', '32279', '32281', '32285', '32287']"
844,391703,0.37808141641168524,0.0,840,2024-09-26 11:20:24.320107,"['32215', '32222', '32223', '32229', '32238', '32244', '32251', '32256', '32277', '32287']"
845,876062,0.3193660684581163,0.25,845,2024-09-26 11:20:24.588526,"['32214', '32221', '32226', '32230', '32239', '32247', '32251', '32263', '32265', '32281']"
846,767465,0.3456029926974723,0.1388888888888889,845,2024-09-26 11:20:24.699369,"['32220', '32221', '32225', '32226', '32239', '32243', '32247', '32263', '32265', '32270']"
847,692777,0.404341992603434,0.08333333333333333,845,2024-09-26 11:20:24.807533,"['32214', '32220', '32226', '32228', '32239', '32249', '32261', '32265', '32270', '32275']"
848,298370,0.2886688611634981,0.0,845,2024-09-26 11:20:24.916927,"['32220', '32226', '32231', '32239', '32242', '32261', '32266', '32270', '32274', '32283']"
849,72210,0.32088656253423153,0.05555555555555555,845,2024-09-26 11:20:25.024714,"['32214', '32219', '32222', '32239', '32253', '32269', '32271', '32277', '32280', '32283']"
850,726417,0.3230879020871567,0.027777777777777776,850,2024-09-26 11:20:25.294719,"['32228', '32236', '32242', '32247', '32263', '32266', '32270', '32274', '32279', '32283']"
851,1342023,0.32895252540695535,0.3888888888888889,850,2024-09-26 11:20:25.401795,"['32221', '32226', '32236', '32243', '32244', '32251', '32266', '32276', '32279', '32281']"
852,202985,0.30422254583815156,0.4722222222222222,850,2024-09-26 11:20:25.512722,"['32219', '32243', '32253', '32264', '32269', '32276', '32279', '32283', '32285', '32288']"
853,731252,0.3737222700726536,0.1111111111111111,850,2024-09-26 11:20:25.618513,"['32215', '32220', '32221', '32226', '32239', '32249', '32265', '32276', '32279', '32281']"
854,375520,0.2831298459321782,0.027777777777777776,850,2024-09-26 11:20:25.727141,"['32225', '32228', '32242', '32261', '32265', '32274', '32275', '32279', '32283', '32286']"
855,1327565,0.3446169274438618,0.2777777777777778,855,2024-09-26 11:20:25.997324,"['32236', '32239', '32243', '32246', '32249', '32251', '32276', '32283', '32285', '32287']"
856,657690,0.2769268748941059,0.2222222222222222,855,2024-09-26 11:20:26.107968,"['32214', '32220', '32230', '32239', '32243', '32263', '32266', '32270', '32274', '32288']"
857,1284248,0.30753251118808417,0.05555555555555555,855,2024-09-26 11:20:26.214976,"['32214', '32220', '32225', '32226', '32231', '32236', '32239', '32245', '32265', '32276']"
858,295526,0.3531451276117267,0.0,855,2024-09-26 11:20:26.325642,"['32221', '32226', '32229', '32239', '32243', '32261', '32266', '32270', '32274', '32283']"
859,187006,0.3287118366319801,0.027777777777777776,855,2024-09-26 11:20:26.434760,"['32221', '32225', '32230', '32231', '32239', '32242', '32261', '32269', '32283', '32288']"
860,574993,0.23851266417526573,0.5555555555555556,860,2024-09-26 11:20:26.704768,"['32218', '32221', '32226', '32239', '32247', '32251', '32261', '32265', '32287', '32288']"
861,1119423,0.30498956152143974,0.3055555555555556,860,2024-09-26 11:20:26.812138,"['32215', '32226', '32229', '32240', '32253', '32264', '32265', '32279', '32281', '32287']"
862,40618,0.43708545448377933,0.05555555555555555,860,2024-09-26 11:20:26.919464,"['32226', '32239', '32247', '32251', '32261', '32264', '32266', '32276', '32281', '32285']"
863,294627,0.37722436654458524,0.027777777777777776,860,2024-09-26 11:20:27.027975,"['32214', '32215', '32226', '32229', '32243', '32253', '32269', '32279', '32281', '32287']"
864,1309432,0.3564247697045142,0.1388888888888889,860,2024-09-26 11:20:27.134710,"['32222', '32226', '32243', '32244', '32251', '32265', '32279', '32285', '32287', '32288']"
865,1211492,0.3393084661183945,0.0,865,2024-09-26 11:20:27.400968,"['32221', '32226', '32239', '32242', '32247', '32248', '32266', '32274', '32275', '32288']"
866,665949,0.23648581122537826,0.6388888888888888,865,2024-09-26 11:20:27.507713,"['32229', '32239', '32243', '32251', '32269', '32277', '32281', '32283', '32287', '32288']"
867,883348,0.3081148925630174,0.027777777777777776,865,2024-09-26 11:20:27.612917,"['32221', '32226', '32236', '32239', '32243', '32251', '32261', '32263', '32265', '32287']"
868,1632624,0.3392587235468904,0.08333333333333333,865,2024-09-26 11:20:27.721097,"['32214', '32220', '32225', '32239', '32249', '32264', '32265', '32275', '32287', '32288']"
869,118278,0.3153024330824991,0.25,865,2024-09-26 11:20:27.828400,"['32218', '32236', '32239', '32251', '32266', '32279', '32281', '32285', '32287', '32288']"
870,168800,0.31622561825887996,0.027777777777777776,870,2024-09-26 11:20:28.101364,"['32225', '32226', '32231', '32242', '32263', '32265', '32266', '32274', '32281', '32285']"
871,686333,0.34516394443562676,0.3888888888888889,870,2024-09-26 11:20:28.209770,"['32214', '32221', '32226', '32236', '32263', '32265', '32266', '32270', '32281', '32285']"
872,684510,0.26545989319376656,0.05555555555555555,870,2024-09-26 11:20:28.316483,"['32225', '32226', '32231', '32236', '32239', '32243', '32245', '32263', '32265', '32274']"
873,192314,0.2710883689269425,0.0,870,2024-09-26 11:20:28.423200,"['32220', '32226', '32231', '32234', '32239', '32242', '32261', '32274', '32283', '32286']"
874,866492,0.34172470492127693,0.2777777777777778,870,2024-09-26 11:20:28.529725,"['32226', '32229', '32243', '32251', '32264', '32266', '32276', '32277', '32279', '32280']"
875,939185,0.24175199481013604,0.2222222222222222,875,2024-09-26 11:20:28.801332,"['32214', '32226', '32229', '32231', '32236', '32239', '32243', '32245', '32263', '32283']"
876,574838,0.2828088810274488,0.3888888888888889,875,2024-09-26 11:20:28.909230,"['32239', '32251', '32253', '32256', '32264', '32266', '32269', '32279', '32280', '32283']"
877,642310,0.3134373046014445,0.16666666666666666,875,2024-09-26 11:20:29.018606,"['32225', '32230', '32236', '32239', '32243', '32261', '32265', '32270', '32274', '32283']"
878,237298,0.24823211671439882,0.3888888888888889,875,2024-09-26 11:20:29.128523,"['32225', '32226', '32230', '32231', '32236', '32239', '32249', '32270', '32274', '32283']"
879,222554,0.3384742439603413,0.1388888888888889,875,2024-09-26 11:20:29.236903,"['32215', '32220', '32222', '32226', '32239', '32249', '32261', '32263', '32266', '32276']"
880,145911,0.26176353276114206,0.3611111111111111,880,2024-09-26 11:20:29.505356,"['32220', '32221', '32225', '32226', '32236', '32243', '32245', '32247', '32269', '32281']"
881,297944,0.32372457190634885,0.19444444444444445,880,2024-09-26 11:20:29.610220,"['32223', '32224', '32229', '32252', '32256', '32269', '32273', '32280', '32281', '32285']"
882,869459,0.36809705716728147,0.3611111111111111,880,2024-09-26 11:20:29.719966,"['32218', '32220', '32251', '32253', '32263', '32265', '32267', '32279', '32281', '32285']"
883,247284,0.3053188152072108,0.1111111111111111,880,2024-09-26 11:20:29.828864,"['32220', '32221', '32236', '32246', '32247', '32266', '32274', '32275', '32281', '32283']"
884,1388355,0.2825331819429197,0.3055555555555556,880,2024-09-26 11:20:29.936026,"['32220', '32230', '32236', '32243', '32247', '32265', '32269', '32274', '32281', '32283']"
885,1068175,0.2850403971411366,0.25,885,2024-09-26 11:20:30.204784,"['32226', '32229', '32239', '32266', '32270', '32275', '32277', '32283', '32287', '32288']"
886,1656756,0.4861710927878938,0.1388888888888889,885,2024-09-26 11:20:30.315754,"['32236', '32238', '32239', '32243', '32244', '32251', '32270', '32275', '32285', '32287']"
887,1039389,0.29996014993639786,0.3055555555555556,885,2024-09-26 11:20:30.424438,"['32231', '32239', '32251', '32264', '32266', '32269', '32281', '32283', '32287', '32288']"
888,474084,0.27580083628596785,0.08333333333333333,885,2024-09-26 11:20:30.531598,"['32225', '32226', '32230', '32261', '32265', '32270', '32274', '32275', '32283', '32287']"
889,1660347,0.250241533505252,0.5555555555555556,885,2024-09-26 11:20:30.638994,"['32220', '32240', '32263', '32265', '32267', '32271', '32279', '32281', '32285', '32287']"
890,888122,0.37077715546428835,0.1388888888888889,890,2024-09-26 11:20:30.908765,"['32226', '32239', '32243', '32251', '32253', '32265', '32270', '32285', '32287', '32288']"
891,1216964,0.32765574502739364,0.0,890,2024-09-26 11:20:31.014713,"['32226', '32239', '32243', '32247', '32263', '32265', '32269', '32270', '32275', '32283']"
892,1012826,0.29349609388791503,0.1111111111111111,890,2024-09-26 11:20:31.123727,"['32214', '32220', '32226', '32245', '32247', '32263', '32266', '32269', '32270', '32283']"
893,1330623,0.34015768396716217,0.19444444444444445,890,2024-09-26 11:20:31.233173,"['32226', '32229', '32239', '32242', '32243', '32270', '32275', '32276', '32283', '32285']"
894,12180,0.3299539865157242,0.19444444444444445,890,2024-09-26 11:20:31.338907,"['32222', '32226', '32229', '32244', '32251', '32253', '32256', '32265', '32277', '32280']"
895,1622855,0.25311276316432146,0.1111111111111111,895,2024-09-26 11:20:31.609892,"['32225', '32229', '32236', '32243', '32249', '32261', '32265', '32270', '32274', '32288']"
896,565642,0.35647272374604044,0.08333333333333333,895,2024-09-26 11:20:31.717517,"['32219', '32229', '32243', '32244', '32253', '32263', '32266', '32269', '32279', '32285']"
897,1437174,0.29742206320227327,0.5,895,2024-09-26 11:20:31.826677,"['32222', '32243', '32244', '32253', '32256', '32266', '32269', '32271', '32279', '32285']"
898,735991,0.33975221286485097,0.2222222222222222,895,2024-09-26 11:20:31.935179,"['32225', '32229', '32236', '32243', '32245', '32246', '32263', '32270', '32274', '32275']"
899,538153,0.3587687941140656,0.08333333333333333,895,2024-09-26 11:20:32.042985,"['32221', '32226', '32236', '32239', '32243', '32244', '32263', '32264', '32266', '32288']"
900,1514878,0.2866198018861444,0.3611111111111111,900,2024-09-26 11:20:32.313807,"['32218', '32221', '32226', '32229', '32243', '32251', '32270', '32274', '32283', '32287']"
901,1631730,0.29487638532663624,0.08333333333333333,900,2024-09-26 11:20:32.420523,"['32220', '32221', '32225', '32226', '32231', '32263', '32270', '32274', '32287', '32288']"
902,262335,0.2608907545892277,0.1388888888888889,900,2024-09-26 11:20:32.527494,"['32214', '32220', '32221', '32245', '32261', '32263', '32270', '32274', '32275', '32287']"
903,475239,0.31567320010875927,0.16666666666666666,900,2024-09-26 11:20:32.634025,"['32214', '32218', '32226', '32239', '32246', '32263', '32269', '32281', '32287', '32288']"
904,149095,0.2765882110853015,0.2222222222222222,900,2024-09-26 11:20:32.742740,"['32221', '32226', '32230', '32236', '32239', '32251', '32265', '32281', '32287', '32288']"
905,236497,0.30531628440089886,0.1388888888888889,905,2024-09-26 11:20:33.014005,"['32221', '32225', '32226', '32229', '32261', '32263', '32270', '32274', '32275', '32281']"
906,654430,0.3407879463545594,0.19444444444444445,905,2024-09-26 11:20:33.121537,"['32221', '32226', '32230', '32231', '32249', '32261', '32269', '32275', '32281', '32283']"
907,170909,0.2766709177165964,0.08333333333333333,905,2024-09-26 11:20:33.230092,"['32221', '32231', '32242', '32248', '32261', '32266', '32274', '32281', '32283', '32286']"
908,762149,0.3324735344008767,0.1111111111111111,905,2024-09-26 11:20:33.339290,"['32215', '32222', '32244', '32255', '32260', '32265', '32271', '32280', '32281', '32283']"
909,1273428,0.34714293873170593,0.027777777777777776,905,2024-09-26 11:20:33.447497,"['32214', '32218', '32221', '32226', '32245', '32247', '32249', '32263', '32266', '32281']"
910,597376,0.3528655811422802,0.1388888888888889,910,2024-09-26 11:20:33.721345,"['32218', '32239', '32243', '32251', '32263', '32269', '32281', '32285', '32287', '32288']"
911,1056536,0.36558197556199323,0.1388888888888889,910,2024-09-26 11:20:33.849358,"['32215', '32229', '32240', '32243', '32253', '32263', '32269', '32279', '32280', '32287']"
912,1235664,0.3068217508498858,0.2222222222222222,910,2024-09-26 11:20:33.956189,"['32218', '32222', '32239', '32243', '32244', '32251', '32263', '32264', '32279', '32287']"
913,1149758,0.25234621063788115,0.2222222222222222,910,2024-09-26 11:20:34.061252,"['32214', '32220', '32226', '32230', '32239', '32243', '32246', '32251', '32263', '32265']"
914,389611,0.3181497306803412,0.16666666666666666,910,2024-09-26 11:20:34.170080,"['32229', '32240', '32243', '32251', '32263', '32266', '32275', '32279', '32285', '32287']"
915,812068,0.3635839606851981,0.08333333333333333,915,2024-09-26 11:20:34.450247,"['32225', '32226', '32242', '32245', '32251', '32263', '32265', '32274', '32275', '32287']"
916,50294,0.4153647344525085,0.25,915,2024-09-26 11:20:34.557651,"['32220', '32225', '32226', '32245', '32249', '32263', '32270', '32274', '32275', '32287']"
917,678285,0.28959566134022974,0.3888888888888889,915,2024-09-26 11:20:34.665113,"['32225', '32229', '32231', '32236', '32243', '32249', '32265', '32275', '32287', '32288']"
918,857321,0.26644155210526105,0.3055555555555556,915,2024-09-26 11:20:34.773745,"['32215', '32220', '32238', '32243', '32263', '32269', '32279', '32280', '32285', '32287']"
919,988422,0.2515983049192715,0.3333333333333333,915,2024-09-26 11:20:34.880529,"['32215', '32238', '32239', '32243', '32251', '32263', '32265', '32279', '32287', '32288']"
920,1322586,0.31654614418099974,0.027777777777777776,920,2024-09-26 11:20:35.150151,"['32236', '32245', '32247', '32248', '32261', '32265', '32269', '32274', '32283', '32288']"
921,1244101,0.331715610976964,0.08333333333333333,920,2024-09-26 11:20:35.261075,"['32214', '32221', '32222', '32226', '32230', '32236', '32265', '32281', '32287', '32288']"
922,94887,0.3701194363226565,0.19444444444444445,920,2024-09-26 11:20:35.368276,"['32221', '32222', '32231', '32236', '32245', '32264', '32265', '32281', '32287', '32288']"
923,1108530,0.3795038496064338,0.16666666666666666,920,2024-09-26 11:20:35.478658,"['32226', '32231', '32236', '32239', '32253', '32266', '32269', '32276', '32287', '32288']"
924,16666,0.2847672751863254,0.027777777777777776,920,2024-09-26 11:20:35.585382,"['32220', '32228', '32239', '32243', '32247', '32262', '32263', '32265', '32270', '32288']"
925,480588,0.2843437452680416,0.027777777777777776,925,2024-09-26 11:20:35.857000,"['32231', '32242', '32248', '32249', '32263', '32265', '32274', '32283', '32286', '32288']"
926,1515835,0.3595746716343458,0.3611111111111111,925,2024-09-26 11:20:35.964670,"['32218', '32223', '32236', '32249', '32251', '32265', '32274', '32275', '32281', '32288']"
927,656165,0.3450305454756813,0.19444444444444445,925,2024-09-26 11:20:36.073613,"['32214', '32218', '32222', '32238', '32256', '32265', '32269', '32273', '32280', '32288']"
928,1257059,0.36780793651430216,0.19444444444444445,925,2024-09-26 11:20:36.182280,"['32214', '32218', '32221', '32236', '32251', '32263', '32265', '32266', '32287', '32288']"
929,184213,0.2924004468042168,0.027777777777777776,925,2024-09-26 11:20:36.290324,"['32220', '32225', '32231', '32251', '32263', '32265', '32266', '32270', '32274', '32287']"
930,924313,0.31089444763729984,0.08333333333333333,930,2024-09-26 11:20:36.563395,"['32225', '32226', '32239', '32243', '32245', '32247', '32249', '32251', '32265', '32274']"
931,622980,0.368394338426925,0.25,930,2024-09-26 11:20:36.669575,"['32221', '32226', '32231', '32251', '32261', '32265', '32266', '32281', '32287', '32288']"
932,376686,0.34119320675885867,0.05555555555555555,930,2024-09-26 11:20:36.775327,"['32218', '32221', '32226', '32229', '32239', '32243', '32251', '32279', '32287', '32288']"
933,865353,0.2982649021071759,0.5,930,2024-09-26 11:20:36.881070,"['32218', '32221', '32226', '32243', '32251', '32263', '32265', '32279', '32287', '32288']"
934,436501,0.41296810401131445,0.0,930,2024-09-26 11:20:36.987955,"['32215', '32222', '32244', '32251', '32264', '32265', '32269', '32281', '32285', '32287']"
935,909874,0.34452588456396266,0.25,935,2024-09-26 11:20:37.259142,"['32222', '32226', '32229', '32244', '32251', '32256', '32263', '32265', '32269', '32280']"
936,1632314,0.36927854291291,0.027777777777777776,935,2024-09-26 11:20:37.369272,"['32219', '32221', '32226', '32229', '32251', '32263', '32265', '32276', '32287', '32288']"
937,171566,0.3640258521559111,0.16666666666666666,935,2024-09-26 11:20:37.478989,"['32214', '32226', '32229', '32244', '32251', '32253', '32263', '32279', '32280', '32285']"
938,1264373,0.2947398431767966,0.19444444444444445,935,2024-09-26 11:20:37.588716,"['32214', '32219', '32221', '32226', '32229', '32261', '32263', '32266', '32287', '32288']"
939,1509898,0.3299010071204883,0.0,935,2024-09-26 11:20:37.695884,"['32221', '32226', '32231', '32236', '32239', '32243', '32245', '32266', '32281', '32287']"
940,1616225,0.2886114998577472,0.3333333333333333,940,2024-09-26 11:20:37.965568,"['32218', '32221', '32226', '32251', '32263', '32264', '32266', '32269', '32287', '32288']"
941,1298037,0.3466719323458135,0.1388888888888889,940,2024-09-26 11:20:38.071364,"['32218', '32221', '32226', '32231', '32239', '32251', '32264', '32266', '32269', '32288']"
942,779625,0.3321056148657553,0.2777777777777778,940,2024-09-26 11:20:38.177337,"['32218', '32226', '32229', '32251', '32253', '32263', '32265', '32269', '32277', '32280']"
943,179833,0.3666356137486641,0.0,940,2024-09-26 11:20:38.288387,"['32214', '32215', '32221', '32226', '32231', '32245', '32263', '32269', '32281', '32288']"
944,1173242,0.34424102791081185,0.2777777777777778,940,2024-09-26 11:20:38.395984,"['32215', '32238', '32253', '32269', '32270', '32277', '32279', '32281', '32283', '32285']"
945,740439,0.31214295889530735,0.08333333333333333,945,2024-09-26 11:20:38.664859,"['32221', '32226', '32229', '32231', '32242', '32246', '32265', '32266', '32281', '32283']"
946,65394,0.3292058183164976,0.027777777777777776,945,2024-09-26 11:20:38.771611,"['32214', '32220', '32225', '32226', '32231', '32263', '32265', '32270', '32275', '32281']"
947,489705,0.3953089591714605,0.1111111111111111,945,2024-09-26 11:20:38.877642,"['32221', '32229', '32236', '32239', '32243', '32249', '32269', '32279', '32281', '32283']"
948,381729,0.3229382007062629,0.3333333333333333,945,2024-09-26 11:20:38.984595,"['32221', '32226', '32243', '32249', '32251', '32261', '32263', '32275', '32281', '32283']"
949,669264,0.3336218668281893,0.1111111111111111,945,2024-09-26 11:20:39.090745,"['32222', '32224', '32232', '32243', '32255', '32264', '32266', '32271', '32280', '32281']"
950,618186,0.4074017382044758,0.0,950,2024-09-26 11:20:39.365669,"['32226', '32229', '32239', '32243', '32251', '32264', '32281', '32285', '32287', '32288']"
951,1346417,0.3341525427630368,0.2222222222222222,950,2024-09-26 11:20:39.475149,"['32214', '32215', '32220', '32221', '32247', '32251', '32263', '32265', '32285', '32288']"
952,647239,0.35542327927937195,0.027777777777777776,950,2024-09-26 11:20:39.585337,"['32221', '32226', '32239', '32243', '32251', '32253', '32266', '32275', '32283', '32288']"
953,623765,0.3627559424866644,0.3333333333333333,950,2024-09-26 11:20:39.692437,"['32229', '32236', '32239', '32240', '32251', '32256', '32266', '32270', '32276', '32287']"
954,1032210,0.301400275572896,0.0,950,2024-09-26 11:20:39.801936,"['32220', '32226', '32229', '32239', '32243', '32247', '32251', '32265', '32270', '32288']"
955,1451415,0.3263467471337978,0.0,955,2024-09-26 11:20:40.078408,"['32221', '32226', '32239', '32242', '32243', '32251', '32266', '32274', '32275', '32283']"
956,514696,0.25414127842525464,0.3888888888888889,955,2024-09-26 11:20:40.186290,"['32225', '32226', '32236', '32243', '32245', '32251', '32261', '32263', '32270', '32288']"
957,1649512,0.33888631887963055,0.3333333333333333,955,2024-09-26 11:20:40.292118,"['32215', '32239', '32251', '32253', '32266', '32269', '32273', '32276', '32281', '32287']"
958,883991,0.35404520549402185,0.1111111111111111,955,2024-09-26 11:20:40.398345,"['32221', '32226', '32236', '32239', '32245', '32249', '32251', '32275', '32281', '32287']"
959,490479,0.34353707336612566,0.0,955,2024-09-26 11:20:40.505376,"['32221', '32225', '32231', '32236', '32239', '32251', '32253', '32275', '32287', '32288']"
960,709386,0.4216484475369367,0.08333333333333333,960,2024-09-26 11:20:40.789171,"['32214', '32236', '32243', '32253', '32264', '32275', '32280', '32283', '32285', '32287']"
961,152167,0.33095920394159273,0.1111111111111111,960,2024-09-26 11:20:40.897850,"['32214', '32238', '32243', '32246', '32251', '32263', '32264', '32281', '32287', '32288']"
962,227183,0.4108581308015041,0.1111111111111111,960,2024-09-26 11:20:41.005601,"['32229', '32236', '32239', '32243', '32247', '32251', '32253', '32261', '32274', '32275']"
963,891512,0.2926944171137828,0.1388888888888889,960,2024-09-26 11:20:41.113049,"['32214', '32218', '32219', '32221', '32222', '32243', '32251', '32281', '32285', '32287']"
964,409958,0.2900794617340334,0.08333333333333333,960,2024-09-26 11:20:41.221402,"['32228', '32229', '32230', '32234', '32242', '32243', '32246', '32275', '32283', '32286']"
965,288537,0.38578999937146585,0.25,965,2024-09-26 11:20:41.491659,"['32226', '32229', '32238', '32243', '32253', '32256', '32279', '32280', '32285', '32287']"
966,1112396,0.3273762461125674,0.19444444444444445,965,2024-09-26 11:20:41.597444,"['32222', '32226', '32239', '32243', '32251', '32264', '32266', '32276', '32287', '32288']"
967,250425,0.35461613775808776,0.25,965,2024-09-26 11:20:41.703277,"['32221', '32226', '32239', '32243', '32249', '32251', '32261', '32276', '32287', '32288']"
968,10450,0.26483287008793444,0.16666666666666666,965,2024-09-26 11:20:41.809332,"['32221', '32226', '32231', '32242', '32243', '32261', '32266', '32274', '32283', '32286']"
969,113431,0.22048480319838076,0.5277777777777778,965,2024-09-26 11:20:41.914948,"['32220', '32225', '32226', '32230', '32243', '32247', '32251', '32266', '32270', '32274']"
970,390910,0.3566946708210347,0.25,970,2024-09-26 11:20:42.217841,"['32221', '32225', '32236', '32239', '32243', '32245', '32247', '32251', '32263', '32270']"
971,285606,0.29945875758405466,0.3055555555555556,970,2024-09-26 11:20:42.325883,"['32221', '32226', '32229', '32236', '32239', '32270', '32273', '32275', '32283', '32285']"
972,334761,0.39026523516380884,0.05555555555555555,970,2024-09-26 11:20:42.433544,"['32236', '32239', '32245', '32247', '32249', '32251', '32261', '32270', '32275', '32287']"
973,891364,0.30274067326830995,0.0,970,2024-09-26 11:20:42.541533,"['32218', '32226', '32230', '32239', '32243', '32247', '32263', '32266', '32270', '32275']"
974,712420,0.32855474959356884,0.16666666666666666,970,2024-09-26 11:20:42.649438,"['32218', '32223', '32230', '32236', '32239', '32253', '32269', '32270', '32281', '32283']"
975,1315069,0.29134643117285597,0.19444444444444445,975,2024-09-26 11:20:42.919151,"['32215', '32219', '32222', '32238', '32251', '32264', '32276', '32277', '32279', '32287']"
976,1594596,0.3264715821916092,0.08333333333333333,975,2024-09-26 11:20:43.026061,"['32220', '32230', '32236', '32239', '32247', '32251', '32263', '32269', '32270', '32288']"
977,668676,0.3336530621596471,0.0,975,2024-09-26 11:20:43.132614,"['32221', '32231', '32236', '32249', '32251', '32253', '32265', '32269', '32281', '32288']"
978,1053789,0.3031033873658425,0.1111111111111111,975,2024-09-26 11:20:43.239312,"['32218', '32221', '32226', '32236', '32251', '32261', '32266', '32269', '32281', '32288']"
979,106503,0.299408798299314,0.16666666666666666,975,2024-09-26 11:20:43.350702,"['32215', '32221', '32226', '32251', '32263', '32265', '32269', '32281', '32287', '32288']"
980,267372,0.3258084608128863,0.027777777777777776,980,2024-09-26 11:20:43.619816,"['32218', '32229', '32240', '32251', '32253', '32264', '32277', '32281', '32283', '32285']"
981,1035204,0.3504062517949794,0.027777777777777776,980,2024-09-26 11:20:43.726465,"['32219', '32226', '32229', '32231', '32236', '32239', '32251', '32281', '32287', '32288']"
982,919431,0.23871817280307858,0.1388888888888889,980,2024-09-26 11:20:43.834559,"['32220', '32229', '32230', '32234', '32236', '32243', '32263', '32265', '32270', '32274']"
983,836283,0.385025802238774,0.0,980,2024-09-26 11:20:43.940921,"['32222', '32229', '32236', '32253', '32267', '32271', '32276', '32277', '32279', '32285']"
984,1296157,0.32578066886973006,0.4444444444444444,980,2024-09-26 11:20:44.047679,"['32223', '32229', '32238', '32239', '32242', '32248', '32251', '32269', '32274', '32285']"
985,1073957,0.32317712360982065,0.0,985,2024-09-26 11:20:44.317244,"['32230', '32243', '32246', '32248', '32251', '32266', '32274', '32275', '32281', '32283']"
986,1481131,0.3855319863032815,0.05555555555555555,985,2024-09-26 11:20:44.423820,"['32221', '32225', '32226', '32236', '32243', '32247', '32270', '32281', '32283', '32288']"
987,793865,0.3061767192222523,0.1111111111111111,985,2024-09-26 11:20:44.530222,"['32230', '32239', '32249', '32261', '32263', '32265', '32270', '32275', '32281', '32288']"
988,1227428,0.26919424140228093,0.3611111111111111,985,2024-09-26 11:20:44.636799,"['32225', '32230', '32245', '32246', '32247', '32266', '32274', '32281', '32283', '32288']"
989,289442,0.2850189688460493,0.16666666666666666,985,2024-09-26 11:20:44.743447,"['32226', '32230', '32239', '32243', '32245', '32251', '32270', '32275', '32281', '32283']"
990,703862,0.3420834846199753,0.19444444444444445,990,2024-09-26 11:20:45.014836,"['32225', '32226', '32230', '32231', '32236', '32242', '32249', '32251', '32265', '32270']"
991,1375370,0.2854595560811019,0.19444444444444445,990,2024-09-26 11:20:45.122254,"['32220', '32221', '32225', '32230', '32243', '32245', '32251', '32263', '32270', '32275']"
992,506323,0.34222601216763887,0.05555555555555555,990,2024-09-26 11:20:45.230206,"['32218', '32219', '32229', '32238', '32243', '32251', '32264', '32281', '32285', '32287']"
993,1606046,0.28072489043989995,0.05555555555555555,990,2024-09-26 11:20:45.338718,"['32220', '32225', '32226', '32231', '32251', '32265', '32270', '32274', '32275', '32286']"
994,261801,0.3023095188814202,0.08333333333333333,990,2024-09-26 11:20:45.448902,"['32214', '32220', '32225', '32226', '32229', '32239', '32243', '32245', '32246', '32251']"
995,140839,0.391533821461822,0.19444444444444445,995,2024-09-26 11:20:45.717402,"['32229', '32240', '32253', '32256', '32264', '32269', '32271', '32279', '32280', '32281']"
996,1559859,0.3533763781621015,0.08333333333333333,995,2024-09-26 11:20:45.826809,"['32229', '32240', '32252', '32253', '32256', '32263', '32264', '32271', '32277', '32281']"
997,1371116,0.41564720372315256,0.0,995,2024-09-26 11:20:45.934219,"['32214', '32215', '32223', '32229', '32253', '32277', '32279', '32280', '32281', '32283']"
998,900063,0.3584221881401931,0.2222222222222222,995,2024-09-26 11:20:46.039572,"['32226', '32229', '32231', '32251', '32253', '32264', '32270', '32281', '32285', '32287']"
999,1576798,0.3906737773728542,0.16666666666666666,995,2024-09-26 11:20:46.147858,"['32214', '32229', '32239', '32251', '32253', '32264', '32269', '32279', '32281', '32285']"
1000,701973,0.310043586748231,0.1111111111111111,1000,2024-09-26 11:20:46.417497,"['32221', '32226', '32230', '32243', '32263', '32265', '32270', '32275', '32283', '32288']"
1001,978379,0.3071097000432855,0.05555555555555555,1000,2024-09-26 11:20:46.524488,"['32221', '32226', '32242', '32245', '32246', '32249', '32266', '32274', '32283', '32288']"
1002,1211362,0.4270913524786488,0.08333333333333333,1000,2024-09-26 11:20:46.632702,"['32231', '32239', '32243', '32246', '32251', '32266', '32274', '32276', '32283', '32288']"
1003,378061,0.35568650884991615,0.25,1000,2024-09-26 11:20:46.740385,"['32221', '32225', '32226', '32249', '32251', '32263', '32274', '32275', '32283', '32288']"
1004,486567,0.29758920574994124,0.1388888888888889,1000,2024-09-26 11:20:46.848472,"['32236', '32242', '32261', '32263', '32264', '32270', '32274', '32275', '32283', '32288']"
1005,769804,0.2556000423260977,0.1388888888888889,1005,2024-09-26 11:20:47.119032,"['32226', '32230', '32236', '32242', '32248', '32265', '32274', '32283', '32286', '32288']"
1006,525656,0.33148338638278396,0.25,1005,2024-09-26 11:20:47.227259,"['32217', '32220', '32263', '32264', '32265', '32267', '32279', '32280', '32285', '32288']"
1007,1586042,0.3168538659058113,0.0,1005,2024-09-26 11:20:47.334904,"['32214', '32221', '32226', '32239', '32243', '32246', '32251', '32266', '32287', '32288']"
1008,489711,0.34857563336783715,0.16666666666666666,1005,2024-09-26 11:20:47.443834,"['32226', '32231', '32239', '32242', '32265', '32266', '32270', '32283', '32287', '32288']"
1009,191041,0.2718822136318898,0.08333333333333333,1005,2024-09-26 11:20:47.553423,"['32220', '32236', '32243', '32247', '32263', '32265', '32266', '32270', '32274', '32288']"
1010,798889,0.4217581068777511,0.1388888888888889,1010,2024-09-26 11:20:47.826507,"['32214', '32215', '32226', '32230', '32236', '32238', '32251', '32264', '32265', '32285']"
1011,1552054,0.3058028061842669,0.2222222222222222,1010,2024-09-26 11:20:47.934492,"['32220', '32228', '32230', '32239', '32245', '32251', '32263', '32270', '32274', '32288']"
1012,1441133,0.2119691712656394,0.5833333333333334,1010,2024-09-26 11:20:48.043179,"['32218', '32226', '32236', '32239', '32244', '32249', '32251', '32270', '32281', '32288']"
1013,1010760,0.3921726112728329,0.1111111111111111,1010,2024-09-26 11:20:48.149317,"['32226', '32229', '32231', '32236', '32244', '32245', '32251', '32269', '32274', '32288']"
1014,764540,0.2605691818775787,0.2777777777777778,1010,2024-09-26 11:20:48.258998,"['32214', '32221', '32225', '32226', '32239', '32251', '32261', '32270', '32275', '32288']"
1015,690631,0.3000099501922795,0.4166666666666667,1015,2024-09-26 11:20:48.531347,"['32214', '32221', '32226', '32236', '32238', '32251', '32253', '32265', '32269', '32283']"
1016,967147,0.2879108634884663,0.3055555555555556,1015,2024-09-26 11:20:48.640182,"['32214', '32219', '32222', '32238', '32251', '32263', '32265', '32276', '32279', '32285']"
1017,848695,0.32937324937314955,0.0,1015,2024-09-26 11:20:48.751156,"['32225', '32226', '32229', '32242', '32246', '32251', '32265', '32270', '32274', '32283']"
1018,423603,0.2171206211551947,0.1388888888888889,1015,2024-09-26 11:20:48.860079,"['32226', '32234', '32242', '32245', '32249', '32251', '32261', '32265', '32283', '32286']"
1019,601684,0.38861611068295077,0.05555555555555555,1015,2024-09-26 11:20:48.971056,"['32221', '32226', '32239', '32265', '32273', '32274', '32275', '32277', '32279', '32288']"
1020,1365967,0.32623163448042103,0.027777777777777776,1020,2024-09-26 11:20:49.240188,"['32214', '32220', '32225', '32230', '32243', '32245', '32266', '32275', '32281', '32287']"
1021,1038024,0.3986101800012396,0.027777777777777776,1020,2024-09-26 11:20:49.350264,"['32218', '32226', '32251', '32253', '32266', '32275', '32281', '32283', '32285', '32287']"
1022,885443,0.4005318392633865,0.16666666666666666,1020,2024-09-26 11:20:49.457681,"['32238', '32240', '32244', '32251', '32266', '32279', '32280', '32281', '32283', '32287']"
1023,1295969,0.2912344762079073,0.1388888888888889,1020,2024-09-26 11:20:49.565827,"['32220', '32230', '32242', '32243', '32246', '32265', '32270', '32274', '32275', '32287']"
1024,375781,0.25985384918087057,0.1111111111111111,1020,2024-09-26 11:20:49.674658,"['32230', '32242', '32246', '32248', '32266', '32274', '32275', '32283', '32286', '32287']"
1025,1137478,0.2675084611699251,0.027777777777777776,1025,2024-09-26 11:20:49.943497,"['32220', '32221', '32228', '32230', '32242', '32265', '32274', '32281', '32283', '32286']"
1026,1111119,0.36062164746156344,0.05555555555555555,1025,2024-09-26 11:20:50.051826,"['32220', '32221', '32226', '32245', '32246', '32263', '32270', '32275', '32279', '32281']"
1027,1376922,0.29318604845335444,0.1388888888888889,1025,2024-09-26 11:20:50.163401,"['32221', '32225', '32226', '32230', '32245', '32251', '32270', '32274', '32281', '32283']"
1028,1396708,0.3240940180648487,0.5,1025,2024-09-26 11:20:50.271766,"['32221', '32226', '32229', '32231', '32239', '32243', '32251', '32279', '32281', '32283']"
1029,765409,0.30716125348781903,0.08333333333333333,1025,2024-09-26 11:20:50.379714,"['32221', '32226', '32230', '32231', '32246', '32251', '32261', '32274', '32281', '32288']"
1030,507106,0.45899278636183877,0.0,1030,2024-09-26 11:20:50.653763,"['32214', '32215', '32221', '32225', '32226', '32239', '32261', '32263', '32265', '32275']"
1031,619943,0.22315605438355732,0.25,1030,2024-09-26 11:20:50.762694,"['32225', '32236', '32242', '32245', '32248', '32253', '32261', '32265', '32274', '32286']"
1032,573122,0.24161212289488151,0.5277777777777778,1030,2024-09-26 11:20:50.869535,"['32214', '32218', '32219', '32221', '32264', '32265', '32276', '32279', '32281', '32287']"
1033,1420672,0.2569352579550369,0.5,1030,2024-09-26 11:20:50.975641,"['32218', '32226', '32231', '32236', '32243', '32263', '32265', '32266', '32270', '32287']"
1034,46610,0.33157632799624737,0.2777777777777778,1030,2024-09-26 11:20:51.081251,"['32229', '32236', '32239', '32243', '32264', '32265', '32269', '32279', '32281', '32287']"
1035,1592189,0.35744585694937403,0.2777777777777778,1035,2024-09-26 11:20:51.352407,"['32214', '32222', '32223', '32238', '32243', '32269', '32270', '32271', '32277', '32283']"
1036,431304,0.3075296478838187,0.05555555555555555,1035,2024-09-26 11:20:51.459722,"['32220', '32243', '32249', '32265', '32269', '32270', '32274', '32275', '32281', '32288']"
1037,621983,0.3378870968166538,0.0,1035,2024-09-26 11:20:51.570554,"['32225', '32226', '32231', '32239', '32243', '32263', '32269', '32270', '32275', '32288']"
1038,1045505,0.40298917784101,0.25,1035,2024-09-26 11:20:51.679160,"['32219', '32240', '32251', '32264', '32266', '32269', '32276', '32281', '32287', '32288']"
1039,247047,0.34085547877479994,0.0,1035,2024-09-26 11:20:51.786663,"['32225', '32226', '32239', '32243', '32245', '32246', '32247', '32269', '32270', '32274']"
1040,956639,0.32207322384134146,0.4444444444444444,1040,2024-09-26 11:20:52.055580,"['32226', '32229', '32231', '32236', '32251', '32264', '32265', '32281', '32287', '32288']"
1041,131700,0.32433487198174055,0.08333333333333333,1040,2024-09-26 11:20:52.160822,"['32221', '32226', '32229', '32230', '32236', '32249', '32251', '32276', '32281', '32287']"
1042,1264611,0.3040357232950766,0.4722222222222222,1040,2024-09-26 11:20:52.266501,"['32226', '32229', '32239', '32248', '32251', '32270', '32281', '32283', '32287', '32288']"
1043,228123,0.32603175054025,0.4166666666666667,1040,2024-09-26 11:20:52.372016,"['32221', '32229', '32230', '32243', '32253', '32265', '32270', '32275', '32276', '32287']"
1044,429128,0.3995720813017065,0.027777777777777776,1040,2024-09-26 11:20:52.477250,"['32219', '32226', '32229', '32239', '32240', '32264', '32276', '32279', '32281', '32287']"
1045,30035,0.2769681768850995,0.1111111111111111,1045,2024-09-26 11:20:52.747423,"['32225', '32226', '32236', '32242', '32243', '32245', '32249', '32261', '32274', '32288']"
1046,288321,0.49814680305475795,0.027777777777777776,1045,2024-09-26 11:20:52.854969,"['32215', '32218', '32222', '32229', '32239', '32240', '32264', '32281', '32285', '32288']"
1047,675533,0.25470425405514174,0.1388888888888889,1045,2024-09-26 11:20:52.963557,"['32214', '32239', '32243', '32261', '32263', '32266', '32274', '32275', '32287', '32288']"
1048,1516662,0.3033137183689891,0.1111111111111111,1045,2024-09-26 11:20:53.072264,"['32214', '32221', '32226', '32243', '32246', '32247', '32263', '32266', '32275', '32288']"
1049,780161,0.3771074022722313,0.1111111111111111,1045,2024-09-26 11:20:53.179257,"['32219', '32221', '32226', '32239', '32245', '32246', '32251', '32266', '32287', '32288']"
1050,228348,0.3454172832152115,0.027777777777777776,1050,2024-09-26 11:20:53.450302,"['32221', '32229', '32236', '32242', '32247', '32265', '32275', '32279', '32283', '32285']"
1051,1343253,0.40022236159500746,0.25,1050,2024-09-26 11:20:53.555806,"['32218', '32226', '32229', '32253', '32269', '32276', '32279', '32281', '32285', '32287']"
1052,1636925,0.3357725765709827,0.0,1050,2024-09-26 11:20:53.661632,"['32221', '32226', '32239', '32244', '32246', '32251', '32266', '32270', '32279', '32288']"
1053,687282,0.24637947507462085,0.16666666666666666,1050,2024-09-26 11:20:53.767462,"['32220', '32225', '32226', '32239', '32245', '32246', '32247', '32265', '32275', '32279']"
1054,845768,0.22552961731247137,0.6944444444444444,1050,2024-09-26 11:20:53.876344,"['32221', '32226', '32239', '32248', '32265', '32270', '32273', '32279', '32285', '32288']"
1055,570747,0.3460869244024378,0.3611111111111111,1055,2024-09-26 11:20:54.155753,"['32214', '32215', '32218', '32229', '32238', '32239', '32253', '32285', '32287', '32288']"
1056,716753,0.31935504156234323,0.16666666666666666,1055,2024-09-26 11:20:54.265336,"['32221', '32226', '32229', '32230', '32236', '32239', '32247', '32261', '32281', '32288']"
1057,655127,0.3045547019762062,0.08333333333333333,1055,2024-09-26 11:20:54.372573,"['32226', '32231', '32239', '32242', '32243', '32249', '32251', '32275', '32283', '32288']"
1058,98067,0.30240790293051456,0.19444444444444445,1055,2024-09-26 11:20:54.480458,"['32225', '32226', '32229', '32236', '32239', '32243', '32246', '32264', '32270', '32287']"
1059,1558281,0.2925642538307402,0.2777777777777778,1055,2024-09-26 11:20:54.588568,"['32229', '32239', '32243', '32251', '32253', '32265', '32269', '32270', '32281', '32288']"
1060,367462,0.2623779364994845,0.3888888888888889,1060,2024-09-26 11:20:54.860416,"['32223', '32226', '32236', '32240', '32243', '32256', '32264', '32266', '32267', '32279']"
1061,1281136,0.3029203887085819,0.08333333333333333,1060,2024-09-26 11:20:54.965505,"['32214', '32218', '32219', '32221', '32226', '32231', '32236', '32243', '32251', '32265']"
1062,636693,0.40432564228617796,0.05555555555555555,1060,2024-09-26 11:20:55.080657,"['32221', '32225', '32231', '32243', '32251', '32269', '32274', '32275', '32285', '32288']"
1063,989508,0.34422478600304246,0.3611111111111111,1060,2024-09-26 11:20:55.189863,"['32225', '32242', '32243', '32247', '32248', '32261', '32274', '32275', '32283', '32288']"
1064,453429,0.36903539503369465,0.1111111111111111,1060,2024-09-26 11:20:55.298224,"['32218', '32219', '32221', '32243', '32263', '32266', '32270', '32275', '32279', '32285']"
1065,1182931,0.3692813439444245,0.16666666666666666,1065,2024-09-26 11:20:55.569641,"['32220', '32226', '32240', '32244', '32263', '32265', '32279', '32281', '32285', '32287']"
1066,1116608,0.2942975972181764,0.05555555555555555,1065,2024-09-26 11:20:55.675196,"['32220', '32242', '32243', '32246', '32248', '32265', '32269', '32274', '32283', '32288']"
1067,1019610,0.35323950994970127,0.08333333333333333,1065,2024-09-26 11:20:55.785014,"['32214', '32221', '32226', '32239', '32251', '32263', '32265', '32276', '32281', '32287']"
1068,350711,0.31824197583088754,0.0,1065,2024-09-26 11:20:55.892765,"['32215', '32225', '32242', '32243', '32249', '32263', '32265', '32270', '32274', '32275']"
1069,891343,0.2807692591021489,0.1388888888888889,1065,2024-09-26 11:20:55.998976,"['32215', '32220', '32226', '32231', '32239', '32240', '32245', '32251', '32263', '32265']"
1070,540207,0.30048812416980897,0.05555555555555555,1070,2024-09-26 11:20:56.270891,"['32221', '32242', '32246', '32265', '32266', '32269', '32270', '32274', '32287', '32288']"
1071,1439240,0.30741826983917137,0.05555555555555555,1070,2024-09-26 11:20:56.380939,"['32221', '32226', '32236', '32239', '32263', '32266', '32270', '32279', '32287', '32288']"
1072,292663,0.2747950156083473,0.027777777777777776,1070,2024-09-26 11:20:56.489690,"['32220', '32225', '32231', '32242', '32243', '32263', '32266', '32270', '32274', '32287']"
1073,44278,0.25043108637589323,0.5555555555555556,1070,2024-09-26 11:20:56.597179,"['32214', '32219', '32222', '32226', '32244', '32263', '32265', '32276', '32281', '32287']"
1074,761053,0.35149994495924375,0.05555555555555555,1070,2024-09-26 11:20:56.705057,"['32221', '32222', '32226', '32239', '32244', '32263', '32266', '32279', '32281', '32287']"
1075,1620062,0.32208401404357534,0.16666666666666666,1075,2024-09-26 11:20:56.981165,"['32226', '32229', '32242', '32243', '32245', '32247', '32251', '32265', '32274', '32275']"
1076,342051,0.2997999697812678,0.1388888888888889,1075,2024-09-26 11:20:57.089995,"['32215', '32222', '32223', '32224', '32243', '32252', '32266', '32271', '32280', '32281']"
1077,473292,0.29236861947579934,0.0,1075,2024-09-26 11:20:57.196148,"['32221', '32222', '32226', '32236', '32243', '32263', '32266', '32276', '32281', '32287']"
1078,971401,0.33813653176837793,0.2222222222222222,1075,2024-09-26 11:20:57.303980,"['32214', '32236', '32240', '32243', '32251', '32264', '32265', '32279', '32281', '32287']"
1079,1582984,0.289239705795199,0.2777777777777778,1075,2024-09-26 11:20:57.413210,"['32230', '32234', '32242', '32243', '32248', '32251', '32261', '32265', '32274', '32283']"
1080,744142,0.27229239632353813,0.4166666666666667,1080,2024-09-26 11:20:57.683524,"['32214', '32215', '32221', '32239', '32251', '32263', '32265', '32269', '32287', '32288']"
1081,798069,0.40890588725488675,0.08333333333333333,1080,2024-09-26 11:20:57.791831,"['32215', '32218', '32221', '32226', '32229', '32253', '32269', '32270', '32287', '32288']"
1082,1020140,0.31276721828908105,0.0,1080,2024-09-26 11:20:57.902952,"['32221', '32226', '32229', '32249', '32251', '32261', '32270', '32274', '32275', '32287']"
1083,511200,0.29743665325189794,0.3055555555555556,1080,2024-09-26 11:20:58.010477,"['32221', '32226', '32236', '32247', '32251', '32261', '32274', '32275', '32281', '32287']"
1084,1146742,0.3179248369393688,0.1388888888888889,1080,2024-09-26 11:20:58.117260,"['32215', '32238', '32240', '32253', '32269', '32276', '32277', '32281', '32285', '32287']"
1085,427915,0.30556338918752707,0.027777777777777776,1085,2024-09-26 11:20:58.388135,"['32221', '32225', '32226', '32239', '32242', '32243', '32245', '32266', '32274', '32275']"
1086,178540,0.2882513423726796,0.05555555555555555,1085,2024-09-26 11:20:58.494778,"['32221', '32236', '32239', '32242', '32245', '32261', '32263', '32274', '32283', '32286']"
1087,69928,0.36116566950851475,0.1111111111111111,1085,2024-09-26 11:20:58.601282,"['32221', '32239', '32243', '32244', '32251', '32266', '32270', '32276', '32279', '32285']"
1088,1562852,0.31654869713351574,0.19444444444444445,1085,2024-09-26 11:20:58.706820,"['32221', '32229', '32236', '32239', '32243', '32251', '32265', '32270', '32276', '32287']"
1089,1331944,0.3979627193290206,0.0,1085,2024-09-26 11:20:58.817102,"['32221', '32230', '32236', '32239', '32242', '32245', '32270', '32274', '32283', '32287']"
1090,905274,0.38245803195164274,0.1111111111111111,1090,2024-09-26 11:20:59.089144,"['32218', '32220', '32221', '32226', '32239', '32247', '32263', '32266', '32285', '32288']"
1091,513454,0.33900517287417364,0.027777777777777776,1090,2024-09-26 11:20:59.196264,"['32214', '32218', '32221', '32226', '32239', '32251', '32265', '32275', '32285', '32288']"
1092,1457230,0.3618955305059418,0.1388888888888889,1090,2024-09-26 11:20:59.304499,"['32218', '32226', '32229', '32236', '32239', '32251', '32270', '32285', '32287', '32288']"
1093,923023,0.4091695699665081,0.08333333333333333,1090,2024-09-26 11:20:59.411696,"['32215', '32226', '32255', '32256', '32263', '32264', '32271', '32277', '32285', '32287']"
1094,1302930,0.2500322227417473,0.3055555555555556,1090,2024-09-26 11:20:59.518906,"['32214', '32218', '32221', '32226', '32239', '32249', '32251', '32265', '32285', '32288']"
1095,691830,0.35237052338936453,0.2222222222222222,1095,2024-09-26 11:20:59.787977,"['32218', '32226', '32229', '32240', '32251', '32256', '32263', '32269', '32280', '32287']"
1096,403204,0.25678772219022983,0.2777777777777778,1095,2024-09-26 11:20:59.898460,"['32220', '32221', '32226', '32229', '32236', '32246', '32247', '32249', '32266', '32287']"
1097,820958,0.28502780782669834,0.027777777777777776,1095,2024-09-26 11:21:00.005122,"['32221', '32226', '32239', '32242', '32245', '32270', '32274', '32275', '32283', '32286']"
1098,297902,0.26790995679995816,0.0,1095,2024-09-26 11:21:00.113408,"['32220', '32225', '32226', '32261', '32263', '32269', '32270', '32274', '32275', '32288']"
1099,16645,0.3961817475272388,0.1111111111111111,1095,2024-09-26 11:21:00.218632,"['32226', '32229', '32239', '32245', '32251', '32270', '32274', '32275', '32287', '32288']"
1100,1471131,0.35297998102439415,0.2222222222222222,1100,2024-09-26 11:21:00.488466,"['32221', '32222', '32226', '32247', '32251', '32261', '32263', '32265', '32281', '32287']"
1101,111107,0.5677536334253354,0.0,1100,2024-09-26 11:21:00.595334,"['32225', '32230', '32242', '32243', '32247', '32251', '32264', '32274', '32283', '32288']"
1102,223196,0.3061595334144855,0.027777777777777776,1100,2024-09-26 11:21:00.701605,"['32221', '32242', '32243', '32245', '32251', '32261', '32263', '32265', '32270', '32274']"
1103,278166,0.3231584722503736,0.1111111111111111,1100,2024-09-26 11:21:00.808671,"['32226', '32229', '32240', '32244', '32251', '32264', '32269', '32271', '32277', '32285']"
1104,78681,0.3028970871138782,0.3055555555555556,1100,2024-09-26 11:21:00.917644,"['32218', '32221', '32226', '32231', '32251', '32263', '32265', '32285', '32287', '32288']"
1105,1528397,0.31518762164184805,0.0,1105,2024-09-26 11:21:01.189115,"['32221', '32229', '32242', '32248', '32261', '32274', '32275', '32281', '32283', '32286']"
1106,51854,0.30683012310770763,0.0,1105,2024-09-26 11:21:01.296244,"['32230', '32239', '32242', '32263', '32265', '32266', '32270', '32274', '32281', '32283']"
1107,1648362,0.29665451204744,0.25,1105,2024-09-26 11:21:01.404563,"['32221', '32225', '32231', '32242', '32243', '32265', '32266', '32274', '32281', '32283']"
1108,1409487,0.2685477834580008,0.2222222222222222,1105,2024-09-26 11:21:01.513585,"['32220', '32221', '32225', '32231', '32263', '32266', '32274', '32275', '32281', '32283']"
1109,282799,0.33922989966520606,0.3888888888888889,1105,2024-09-26 11:21:01.621777,"['32236', '32239', '32243', '32245', '32263', '32266', '32274', '32281', '32283', '32287']"
1110,1299519,0.2763027883829241,0.08333333333333333,1110,2024-09-26 11:21:01.895507,"['32239', '32243', '32247', '32261', '32266', '32270', '32274', '32281', '32283', '32287']"
1111,215996,0.29684585479944364,0.05555555555555555,1110,2024-09-26 11:21:02.003446,"['32220', '32231', '32239', '32261', '32266', '32270', '32274', '32275', '32281', '32283']"
1112,1329087,0.3523666497703692,0.25,1110,2024-09-26 11:21:02.112067,"['32222', '32223', '32248', '32256', '32268', '32269', '32277', '32280', '32281', '32283']"
1113,329818,0.26770135458803274,0.08333333333333333,1110,2024-09-26 11:21:02.217939,"['32231', '32242', '32248', '32261', '32265', '32266', '32274', '32281', '32283', '32286']"
1114,496600,0.3315198785628133,0.19444444444444445,1110,2024-09-26 11:21:02.326439,"['32226', '32230', '32239', '32245', '32251', '32265', '32269', '32281', '32287', '32288']"
1115,792885,0.26087956721279754,0.05555555555555555,1115,2024-09-26 11:21:02.600398,"['32220', '32225', '32226', '32239', '32243', '32246', '32251', '32263', '32270', '32275']"
1116,1382718,0.320849188254185,0.05555555555555555,1115,2024-09-26 11:21:02.708804,"['32221', '32226', '32229', '32236', '32239', '32243', '32251', '32266', '32275', '32288']"
1117,1052779,0.32507762968657206,0.3333333333333333,1115,2024-09-26 11:21:02.815587,"['32214', '32226', '32236', '32243', '32247', '32251', '32261', '32266', '32275', '32276']"
1118,274073,0.2578018497997819,0.4722222222222222,1115,2024-09-26 11:21:02.921788,"['32221', '32226', '32229', '32239', '32243', '32248', '32251', '32273', '32283', '32288']"
1119,1485625,0.35311253302897827,0.05555555555555555,1115,2024-09-26 11:21:03.030116,"['32218', '32221', '32226', '32236', '32243', '32251', '32266', '32276', '32281', '32288']"
1120,1616376,0.33116865191320277,0.08333333333333333,1120,2024-09-26 11:21:03.306074,"['32215', '32224', '32239', '32255', '32256', '32265', '32271', '32281', '32283', '32288']"
1121,795016,0.25143001964236306,0.2777777777777778,1120,2024-09-26 11:21:03.413612,"['32221', '32226', '32230', '32236', '32239', '32251', '32265', '32266', '32281', '32288']"
1122,402516,0.28097399963489605,0.1111111111111111,1120,2024-09-26 11:21:03.523794,"['32214', '32220', '32225', '32226', '32230', '32243', '32245', '32251', '32263', '32265']"
1123,773981,0.35685295527038563,0.08333333333333333,1120,2024-09-26 11:21:03.633155,"['32215', '32223', '32239', '32254', '32259', '32265', '32271', '32281', '32283', '32288']"
1124,706533,0.26481908541332355,0.16666666666666666,1120,2024-09-26 11:21:03.741336,"['32221', '32225', '32226', '32242', '32245', '32265', '32269', '32274', '32283', '32286']"
1125,619330,0.2702127781047778,0.05555555555555555,1125,2024-09-26 11:21:04.044015,"['32236', '32239', '32245', '32246', '32263', '32265', '32270', '32274', '32286', '32287']"
1126,90587,0.33950697652564127,0.3611111111111111,1125,2024-09-26 11:21:04.150142,"['32214', '32218', '32240', '32243', '32263', '32264', '32267', '32279', '32285', '32287']"
1127,691307,0.38080692588081166,0.05555555555555555,1125,2024-09-26 11:21:04.256236,"['32221', '32225', '32226', '32236', '32239', '32245', '32246', '32274', '32287', '32288']"
1128,1005590,0.2561971447286873,0.2222222222222222,1125,2024-09-26 11:21:04.364736,"['32220', '32236', '32239', '32242', '32245', '32247', '32265', '32274', '32286', '32287']"
1129,1661805,0.36483413312413093,0.027777777777777776,1125,2024-09-26 11:21:04.475213,"['32226', '32229', '32253', '32264', '32265', '32273', '32281', '32283', '32287', '32288']"
1130,1492295,0.32224672182399783,0.25,1130,2024-09-26 11:21:04.746602,"['32218', '32221', '32226', '32243', '32249', '32269', '32275', '32281', '32283', '32288']"
1131,730404,0.28710115003623937,0.25,1130,2024-09-26 11:21:04.853830,"['32221', '32230', '32231', '32243', '32247', '32248', '32249', '32274', '32281', '32283']"
1132,1006921,0.28630658493347083,0.0,1130,2024-09-26 11:21:04.961630,"['32225', '32230', '32234', '32242', '32265', '32270', '32274', '32281', '32283', '32286']"
1133,696370,0.33062852248912916,0.2222222222222222,1130,2024-09-26 11:21:05.073342,"['32220', '32222', '32226', '32243', '32246', '32251', '32266', '32281', '32287', '32288']"
1134,714189,0.34264359660774363,0.16666666666666666,1130,2024-09-26 11:21:05.181142,"['32221', '32226', '32229', '32239', '32243', '32248', '32281', '32283', '32287', '32288']"
1135,18572,0.28631576136478604,0.4166666666666667,1135,2024-09-26 11:21:05.449488,"['32221', '32226', '32229', '32230', '32231', '32239', '32251', '32281', '32283', '32288']"
1136,1151900,0.24190587432669086,0.16666666666666666,1135,2024-09-26 11:21:05.554664,"['32221', '32225', '32229', '32231', '32239', '32263', '32266', '32275', '32283', '32288']"
1137,903512,0.365063818752838,0.027777777777777776,1135,2024-09-26 11:21:05.660804,"['32220', '32221', '32226', '32243', '32247', '32263', '32269', '32270', '32283', '32288']"
1138,299501,0.3104874397165292,0.4722222222222222,1135,2024-09-26 11:21:05.767049,"['32221', '32230', '32236', '32239', '32243', '32247', '32251', '32283', '32287', '32288']"
1139,1211533,0.3276695317846366,0.08333333333333333,1135,2024-09-26 11:21:05.872453,"['32215', '32221', '32239', '32263', '32264', '32265', '32281', '32283', '32287', '32288']"
1140,627604,0.3290737147898084,0.16666666666666666,1140,2024-09-26 11:21:06.144459,"['32226', '32229', '32230', '32231', '32236', '32239', '32244', '32251', '32261', '32274']"
1141,1602405,0.2806581045928159,0.1111111111111111,1140,2024-09-26 11:21:06.251205,"['32225', '32226', '32229', '32231', '32236', '32261', '32266', '32270', '32275', '32288']"
1142,1213278,0.2761124753274694,0.027777777777777776,1140,2024-09-26 11:21:06.357718,"['32220', '32226', '32239', '32243', '32245', '32249', '32251', '32263', '32265', '32287']"
1143,788328,0.27881614344019234,0.2777777777777778,1140,2024-09-26 11:21:06.463940,"['32218', '32226', '32232', '32240', '32252', '32256', '32266', '32271', '32277', '32287']"
1144,575038,0.28316789804683895,0.2777777777777778,1140,2024-09-26 11:21:06.570252,"['32214', '32225', '32226', '32236', '32239', '32246', '32251', '32270', '32274', '32288']"
1145,1080227,0.35354281860937314,0.3611111111111111,1145,2024-09-26 11:21:06.842936,"['32226', '32243', '32251', '32264', '32275', '32277', '32281', '32283', '32285', '32288']"
1146,1114700,0.29053891723564756,0.027777777777777776,1145,2024-09-26 11:21:06.950126,"['32236', '32239', '32242', '32246', '32265', '32270', '32274', '32275', '32283', '32288']"
1147,437057,0.2882141781424787,0.19444444444444445,1145,2024-09-26 11:21:07.057559,"['32239', '32242', '32243', '32261', '32265', '32266', '32270', '32275', '32281', '32283']"
1148,91107,0.2996788949915449,0.1388888888888889,1145,2024-09-26 11:21:07.164834,"['32226', '32229', '32231', '32236', '32242', '32245', '32249', '32270', '32283', '32285']"
1149,744328,0.3584035303970981,0.1111111111111111,1145,2024-09-26 11:21:07.273353,"['32226', '32231', '32236', '32239', '32247', '32249', '32270', '32275', '32283', '32285']"
1150,848059,0.2900168491286577,0.2777777777777778,1150,2024-09-26 11:21:07.543584,"['32214', '32236', '32238', '32251', '32263', '32266', '32269', '32281', '32287', '32288']"
1151,867297,0.2576358774243222,0.5277777777777778,1150,2024-09-26 11:21:07.649828,"['32214', '32221', '32222', '32226', '32236', '32243', '32269', '32279', '32285', '32287']"
1152,926845,0.3949165229987576,0.0,1150,2024-09-26 11:21:07.756451,"['32225', '32230', '32239', '32245', '32249', '32261', '32269', '32275', '32283', '32288']"
1153,270878,0.3860286997469398,0.05555555555555555,1150,2024-09-26 11:21:07.862636,"['32226', '32229', '32236', '32243', '32246', '32249', '32269', '32274', '32275', '32285']"
1154,256681,0.26914489997060037,0.4722222222222222,1150,2024-09-26 11:21:07.967815,"['32214', '32236', '32239', '32240', '32244', '32247', '32269', '32276', '32281', '32287']"
1155,1199459,0.372763334376809,0.027777777777777776,1155,2024-09-26 11:21:08.245193,"['32220', '32225', '32242', '32243', '32261', '32266', '32269', '32270', '32274', '32275']"
1156,1617216,0.32071806403878605,0.2777777777777778,1155,2024-09-26 11:21:08.354305,"['32224', '32226', '32242', '32243', '32264', '32269', '32270', '32274', '32277', '32281']"
1157,102484,0.38413828546517753,0.0,1155,2024-09-26 11:21:08.462280,"['32221', '32226', '32236', '32239', '32243', '32249', '32251', '32261', '32281', '32288']"
1158,1071958,0.27383556646670054,0.3888888888888889,1155,2024-09-26 11:21:08.569905,"['32229', '32240', '32243', '32244', '32253', '32263', '32276', '32280', '32285', '32288']"
1159,54997,0.3277206371287281,0.25,1155,2024-09-26 11:21:08.678367,"['32214', '32243', '32256', '32265', '32276', '32277', '32280', '32285', '32287', '32288']"
1160,524522,0.3210919581884376,0.25,1160,2024-09-26 11:21:08.950732,"['32222', '32229', '32239', '32244', '32248', '32253', '32270', '32273', '32285', '32287']"
1161,508969,0.23956689804534775,0.4444444444444444,1160,2024-09-26 11:21:09.057119,"['32220', '32228', '32230', '32234', '32242', '32247', '32274', '32283', '32286', '32287']"
1162,991044,0.2766134976396888,0.5277777777777778,1160,2024-09-26 11:21:09.164096,"['32239', '32240', '32244', '32264', '32269', '32276', '32279', '32280', '32287', '32288']"
1163,642557,0.3386823620895622,0.0,1160,2024-09-26 11:21:09.274915,"['32221', '32225', '32236', '32239', '32246', '32249', '32270', '32275', '32287', '32288']"
1164,111054,0.31084143716092144,0.027777777777777776,1160,2024-09-26 11:21:09.382571,"['32220', '32230', '32239', '32243', '32246', '32263', '32270', '32274', '32281', '32287']"
1165,553221,0.41008090112653056,0.1111111111111111,1165,2024-09-26 11:21:09.655438,"['32226', '32236', '32251', '32253', '32265', '32269', '32274', '32283', '32285', '32288']"
1166,102337,0.30444887321533587,0.0,1165,2024-09-26 11:21:09.764301,"['32221', '32226', '32236', '32251', '32253', '32265', '32270', '32283', '32285', '32287']"
1167,1070798,0.35130461359841725,0.4444444444444444,1165,2024-09-26 11:21:09.874967,"['32226', '32229', '32231', '32243', '32251', '32264', '32269', '32270', '32279', '32283']"
1168,409008,0.23187846849602006,0.4166666666666667,1165,2024-09-26 11:21:09.984847,"['32214', '32222', '32225', '32226', '32228', '32239', '32245', '32246', '32266', '32285']"
1169,496085,0.3189420745625522,0.0,1165,2024-09-26 11:21:10.092809,"['32220', '32221', '32225', '32226', '32243', '32261', '32263', '32265', '32266', '32274']"
1170,549529,0.33373809907421015,0.19444444444444445,1170,2024-09-26 11:21:10.363687,"['32214', '32215', '32229', '32238', '32269', '32273', '32276', '32280', '32281', '32283']"
1171,1325694,0.2810802825890027,0.08333333333333333,1170,2024-09-26 11:21:10.472775,"['32214', '32225', '32236', '32242', '32247', '32265', '32269', '32275', '32281', '32283']"
1172,1555990,0.2661360454265114,0.4166666666666667,1170,2024-09-26 11:21:10.578741,"['32214', '32215', '32224', '32232', '32252', '32256', '32264', '32268', '32269', '32283']"
1173,1000444,0.37585190321305123,0.1388888888888889,1170,2024-09-26 11:21:10.685169,"['32220', '32225', '32226', '32228', '32243', '32245', '32247', '32263', '32269', '32274']"
1174,458655,0.27039349558476133,0.4444444444444444,1170,2024-09-26 11:21:10.791201,"['32226', '32230', '32231', '32236', '32239', '32243', '32261', '32269', '32275', '32288']"
1175,141776,0.4457169874423344,0.1111111111111111,1175,2024-09-26 11:21:11.065468,"['32218', '32236', '32245', '32249', '32251', '32261', '32269', '32275', '32279', '32288']"
1176,224775,0.31291366634207934,0.1111111111111111,1175,2024-09-26 11:21:11.174743,"['32218', '32222', '32229', '32253', '32263', '32266', '32269', '32280', '32283', '32288']"
1177,1322149,0.3625600162001662,0.1111111111111111,1175,2024-09-26 11:21:11.282633,"['32219', '32221', '32226', '32231', '32249', '32264', '32265', '32274', '32281', '32288']"
1178,388707,0.3626224185020579,0.05555555555555555,1175,2024-09-26 11:21:11.389543,"['32221', '32226', '32231', '32236', '32251', '32270', '32279', '32285', '32287', '32288']"
1179,915744,0.29136040124404106,0.08333333333333333,1175,2024-09-26 11:21:11.496715,"['32220', '32221', '32234', '32242', '32261', '32266', '32274', '32275', '32283', '32288']"
1180,1199142,0.32668549187848656,0.1111111111111111,1180,2024-09-26 11:21:11.766090,"['32220', '32221', '32226', '32229', '32239', '32243', '32261', '32263', '32270', '32288']"
1181,689788,0.32329606984595405,0.027777777777777776,1180,2024-09-26 11:21:11.871359,"['32220', '32225', '32226', '32236', '32247', '32266', '32270', '32274', '32275', '32276']"
1182,1553304,0.449467239916979,0.08333333333333333,1180,2024-09-26 11:21:11.977327,"['32221', '32226', '32229', '32239', '32243', '32251', '32273', '32281', '32283', '32288']"
1183,1205737,0.2748777568552046,0.4444444444444444,1180,2024-09-26 11:21:12.082445,"['32215', '32218', '32226', '32236', '32264', '32265', '32276', '32285', '32287', '32288']"
1184,168384,0.3411739386088563,0.19444444444444445,1180,2024-09-26 11:21:12.188204,"['32226', '32229', '32236', '32239', '32243', '32251', '32266', '32269', '32276', '32287']"
1185,1066977,0.25702082054493786,0.1111111111111111,1185,2024-09-26 11:21:12.461839,"['32220', '32226', '32239', '32243', '32245', '32246', '32266', '32281', '32287', '32288']"
1186,253205,0.29770094110989115,0.2222222222222222,1185,2024-09-26 11:21:12.566900,"['32215', '32226', '32229', '32251', '32263', '32269', '32279', '32280', '32285', '32287']"
1187,18847,0.2524487095319847,0.5277777777777778,1185,2024-09-26 11:21:12.672644,"['32214', '32225', '32226', '32230', '32239', '32243', '32246', '32263', '32266', '32274']"
1188,1405820,0.21974681740786214,0.3055555555555556,1185,2024-09-26 11:21:12.778902,"['32221', '32226', '32239', '32242', '32243', '32261', '32263', '32265', '32274', '32283']"
1189,1088606,0.29089626950475217,0.05555555555555555,1185,2024-09-26 11:21:12.885109,"['32226', '32231', '32234', '32242', '32243', '32249', '32274', '32283', '32286', '32287']"
1190,1571156,0.33107270479110074,0.3333333333333333,1190,2024-09-26 11:21:13.155334,"['32214', '32226', '32236', '32238', '32246', '32249', '32251', '32264', '32269', '32274']"
1191,1209320,0.2936062637910978,0.3055555555555556,1190,2024-09-26 11:21:13.262044,"['32215', '32229', '32236', '32253', '32263', '32269', '32271', '32280', '32285', '32288']"
1192,461831,0.33351491510059533,0.25,1190,2024-09-26 11:21:13.367947,"['32214', '32225', '32230', '32242', '32247', '32263', '32265', '32269', '32270', '32274']"
1193,79582,0.2830282372535615,0.25,1190,2024-09-26 11:21:13.473646,"['32221', '32225', '32226', '32230', '32236', '32245', '32261', '32263', '32269', '32274']"
1194,1623337,0.3008979788522386,0.08333333333333333,1190,2024-09-26 11:21:13.580200,"['32220', '32225', '32226', '32230', '32243', '32245', '32263', '32269', '32274', '32275']"
1195,1113547,0.2866343322686647,0.19444444444444445,1195,2024-09-26 11:21:13.852865,"['32214', '32225', '32226', '32231', '32236', '32243', '32251', '32261', '32274', '32275']"
1196,998613,0.3917001456431764,0.1111111111111111,1195,2024-09-26 11:21:13.958706,"['32218', '32229', '32238', '32239', '32251', '32269', '32279', '32281', '32283', '32288']"
1197,507212,0.4019584023866142,0.05555555555555555,1195,2024-09-26 11:21:14.065123,"['32218', '32229', '32240', '32251', '32256', '32263', '32265', '32269', '32280', '32285']"
1198,937082,0.3299987717133576,0.16666666666666666,1195,2024-09-26 11:21:14.171951,"['32226', '32229', '32230', '32236', '32239', '32249', '32251', '32264', '32274', '32281']"
1199,111384,0.3747526211722597,0.05555555555555555,1195,2024-09-26 11:21:14.281209,"['32231', '32236', '32243', '32246', '32249', '32251', '32264', '32269', '32287', '32288']"
